CID,IDSURVEY,zCMB,zHD,zHEL,MU,MUERR_FINAL
1246275,10,0.24605,0.24605,0.24651,40.5938,0.0968
1246281,10,0.33549,0.33549,0.33600,41.2263,0.1360
1246314,10,0.38337,0.38337,0.38388,41.6383,0.2332
1246527,10,0.32078,0.32078,0.32184,41.1991,0.1503
1246529,10,0.49677,0.49677,0.49797,42.1471,0.1618
1246626,10,0.39282,0.39282,0.39392,41.5171,0.2060
1246650,10,0.90888,0.90888,0.91042,43.9813,0.1744
1246717,10,0.53378,0.53378,0.53500,42.6173,0.2676
1246758,10,0.53127,0.53127,0.53249,42.0988,0.1528
1246791,10,0.83066,0.83066,0.83213,43.3081,0.2020
1246796,10,0.55502,0.55502,0.55626,43.4210,280.1536
1247022,10,0.35763,0.35763,0.35859,41.8647,0.2009
1247420,10,0.15026,0.15026,0.15123,39.2151,0.1066
1247537,10,0.45565,0.45565,0.45687,41.9798,0.1434
1247570,10,0.57927,0.57927,0.58060,42.4823,0.1900
1248039,10,0.22566,0.22566,0.22666,40.1768,0.1902
1248084,10,0.28063,0.28063,0.28165,40.7081,0.1249
1248243,10,0.32394,0.32394,0.32489,41.2424,0.1327
1248441,10,0.24517,0.24517,0.24567,40.3561,0.1215
1248677,10,0.35016,0.35016,0.35067,41.3327,0.1027
1248907,10,0.17053,0.17053,0.17140,39.2212,0.1267
1248925,10,0.34307,0.34307,0.34408,41.4693,0.1322
1248936,10,0.57093,0.57093,0.57208,42.7430,0.2169
1248962,10,0.48342,0.48342,0.48452,42.1643,0.1252
1249090,10,0.38620,0.38620,0.38724,41.5710,0.1641
1249137,10,0.22305,0.22305,0.22397,40.2370,0.1897
1249178,10,0.76517,0.76517,0.76649,43.4719,0.1542
1249182,10,0.56017,0.56017,0.56135,42.1614,0.1998
1249209,10,0.48312,0.48312,0.48424,42.4648,0.1662
1249245,10,0.36834,0.36834,0.36932,41.2663,0.1298
1249264,10,0.54968,0.54968,0.55081,42.6753,0.1317
1249304,10,0.63680,0.63681,0.63802,42.7893,0.1302
1249308,10,0.22806,0.22806,0.22896,40.4850,0.1855
1249371,10,0.45085,0.45085,0.45191,42.2732,0.2722
1249395,10,0.55513,0.55513,0.55626,42.5455,0.1541
1249416,10,0.33169,0.33169,0.33267,42.6221,192.5920
1249483,10,0.28303,0.28303,0.28398,40.6531,0.1093
1249758,10,0.62139,0.62139,0.62198,42.9355,161.7507
1249851,10,0.21511,0.21511,0.21552,40.1906,0.0925
1249956,10,0.44628,0.44628,0.44737,42.3558,0.2478
1249970,10,0.26775,0.26775,0.26866,40.9014,0.1593
1250017,10,0.18216,0.18216,0.18299,39.8394,0.0937
1250034,10,0.16085,0.16085,0.16167,39.4300,0.1073
1250120,10,0.69088,0.69088,0.69207,43.1058,0.1208
1250275,10,0.38323,0.38323,0.38423,41.3713,0.1726
1250279,10,0.27382,0.27382,0.27476,40.4565,0.1066
1250357,10,0.35843,0.35843,0.35941,41.5367,0.1243
1250397,10,0.64305,0.64304,0.64442,42.8515,0.1266
1250435,10,0.49292,0.49292,0.49418,42.1186,0.1564
1250454,10,0.78734,0.78734,0.78880,43.5819,0.1349
1250532,10,0.52770,0.52770,0.52893,42.6670,0.1823
1250578,10,0.27860,0.27860,0.27962,40.7950,0.2017
1250665,10,0.29461,0.29461,0.29564,40.8951,0.1769
1250803,10,0.96329,0.96329,0.96406,44.1241,0.2170
1250823,10,0.66487,0.66487,0.66553,43.1281,0.2151
1250852,10,0.77725,0.77725,0.77796,43.3391,0.1509
1250858,10,0.85707,0.85707,0.85778,43.7874,0.2847
1250882,10,0.74658,0.74658,0.74728,43.4244,3.2613
1250896,10,0.87972,0.87971,0.88120,43.7911,0.1754
1250912,10,0.21898,0.21898,0.21995,40.3457,0.1946
1250916,10,0.66948,0.66948,0.67080,42.8645,0.1523
1250925,10,0.55146,0.55146,0.55269,42.3720,0.2078
1250950,10,0.70099,0.70099,0.70234,43.0325,0.1836
1250980,10,0.81967,0.81967,0.82115,43.7992,0.1827
1251022,10,0.68428,0.68428,0.68490,42.9354,0.1228
1251114,10,0.62632,0.62632,0.62692,42.8405,0.1305
1251126,10,0.59788,0.59788,0.59845,42.7359,0.1251
1251225,10,0.43172,0.43172,0.43274,42.0586,0.6442
1251390,10,0.43398,0.43398,0.43504,41.7944,0.1240
1251436,10,0.57349,0.57349,0.57464,42.6545,0.2004
1251536,10,0.52727,0.52727,0.52851,42.6778,0.1838
1251552,10,0.35484,0.35484,0.35592,41.5628,0.1267
1251600,10,0.55760,0.55760,0.55887,42.5625,0.1342
1251603,10,0.63033,0.63033,0.63165,42.9637,0.1993
1251618,10,0.82172,0.82172,0.82318,43.8632,0.1901
1251645,10,0.76679,0.76679,0.76820,43.5376,0.2042
1251652,10,0.77155,0.77155,0.77295,43.2732,0.1796
1251975,10,0.44647,0.44647,0.44765,41.8950,0.1520
1252142,10,0.55288,0.55288,0.55345,42.5418,0.1411
1252183,10,0.97242,0.97242,0.97319,44.1572,0.1627
1252199,10,0.60498,0.60498,0.60560,42.6863,0.1905
1252225,10,0.51956,0.51956,0.52014,43.0787,170.5973
1252237,10,0.88580,0.88580,0.88655,43.8139,0.5434
1252313,10,0.59692,0.59692,0.59808,42.7062,0.1335
1252364,10,0.54134,0.54134,0.54251,42.3056,0.1827
1252513,10,0.47767,0.47767,0.47821,42.3635,0.1867
1252521,10,0.43322,0.43322,0.43376,41.9047,0.1437
1252595,10,0.81330,0.81330,0.81400,43.7753,0.2951
1252620,10,0.95299,0.95299,0.95453,43.7132,0.1931
1252665,10,0.97489,0.97489,0.97567,44.1896,0.1992
1252671,10,0.98536,0.98536,0.98614,43.8586,0.1306
1252751,10,0.56059,0.56059,0.56173,42.4601,0.1280
1252810,10,0.58026,0.58026,0.58140,42.6325,0.1444
1252829,10,0.45168,0.45168,0.45288,41.7507,0.1353
1252917,10,0.69277,0.69277,0.69410,43.1710,0.2294
1252918,10,0.83583,0.83583,0.83727,43.7263,0.1658
1252926,10,0.92427,0.92427,0.92582,43.5635,0.1461
1252939,10,0.66666,0.66666,0.66800,42.8687,0.1444
1252970,10,0.46198,0.46198,0.46250,42.1247,0.1698
1253046,10,0.50134,0.50134,0.50192,42.2910,0.1132
1253101,10,0.45332,0.45332,0.45440,41.8836,0.1725
1253119,10,0.31916,0.31915,0.32010,41.1241,0.1377
1253131,10,0.40349,0.40349,0.40448,42.0827,0.3062
1253148,10,0.43868,0.43868,0.43972,42.0601,0.2112
1253180,10,0.46154,0.46154,0.46210,41.9825,0.1404
1253243,10,0.57729,0.57729,0.57842,42.6576,0.1820
1253324,10,0.16945,0.16945,0.17026,40.8158,257.7207
1253358,10,0.71380,0.71380,0.71506,43.3358,0.1642
1253406,10,0.36131,0.36131,0.36229,41.5774,0.2054
1253474,10,0.44670,0.44670,0.44790,41.8351,0.1200
1253475,10,0.45412,0.45412,0.45532,42.2020,0.2086
1253572,10,0.51969,0.51969,0.52092,42.4078,0.2362
1253816,10,0.90824,0.90824,0.90975,44.0508,0.1927
1253857,10,0.85652,0.85652,0.85800,43.6741,0.2434
1253871,10,0.84780,0.84780,0.84930,44.0342,0.3386
1253895,10,0.49276,0.49276,0.49331,41.9132,0.1372
1253920,10,0.19555,0.19555,0.19599,39.7520,0.1027
1253972,10,0.84019,0.84019,0.84090,43.2586,224.7607
1253997,10,0.59079,0.59079,0.59134,42.5919,0.1563
1254000,10,0.53300,0.53300,0.53356,42.8136,0.2211
1254002,10,0.53591,0.53591,0.53644,42.4175,0.1551
1254051,10,0.76150,0.76150,0.76214,43.5968,0.1643
1254070,10,0.49252,0.49252,0.49305,42.1722,0.1332
1254108,10,0.96689,0.96689,0.96764,44.1300,0.1876
1254150,10,0.70417,0.70417,0.70484,43.0650,0.1606
1254299,10,0.49500,0.49500,0.49625,42.1559,0.1555
1254356,10,0.35129,0.35129,0.35238,41.4806,0.1334
1254566,10,0.79118,0.79118,0.79259,43.6354,0.2030
1254670,10,0.50495,0.50495,0.50550,41.8933,0.1461
1254671,10,0.47065,0.47065,0.47119,42.1905,0.2038
1254762,10,0.39827,0.39827,0.39875,41.7911,0.2692
1254889,10,0.60551,0.60551,0.60613,42.8077,0.1475
1255008,10,0.44380,0.44380,0.44489,41.8077,0.1833
1255130,10,0.62411,0.62411,0.62529,42.9882,0.1648
1255139,10,0.64989,0.64989,0.65054,42.9365,0.2046
1255142,10,0.57675,0.57675,0.57790,42.5695,0.1643
1255169,10,1.04680,1.04680,1.04763,43.8593,0.1483
1255312,10,0.35561,0.35561,0.35658,41.3064,0.1413
1255382,10,0.58055,0.58055,0.58171,42.5281,0.1726
1255399,10,0.38137,0.38137,0.38239,41.4820,0.1908
1255412,10,0.37202,0.37202,0.37303,41.6954,0.1543
1255423,10,0.66681,0.66681,0.66801,42.7643,0.1198
1255470,10,0.46877,0.46877,0.46997,42.0774,0.1546
1255487,10,0.45012,0.45012,0.45131,41.9104,0.2121
1255523,10,0.55536,0.55536,0.55665,42.6046,0.1913
1255545,10,0.60182,0.60182,0.60314,42.5522,0.1384
1255576,10,0.28010,0.28010,0.28112,40.8037,0.1104
1255657,10,0.58881,0.58881,0.59011,43.0539,0.2486
1255730,10,0.69107,0.69107,0.69242,43.4982,0.3638
1255735,10,0.36463,0.36463,0.36573,41.3256,0.2000
1255737,10,0.91896,0.91896,0.92049,44.0256,0.2740
1255824,10,0.81852,0.81852,0.82000,43.4751,0.2245
1255974,10,0.34311,0.34311,0.34358,41.2151,0.1944
1256028,10,0.95521,0.95521,0.95596,43.9062,0.2197
1256332,10,0.47803,0.47803,0.47919,42.0957,0.1360
1256335,10,0.61939,0.61939,0.62070,42.8847,0.1769
1256426,10,0.33226,0.33226,0.33273,40.2710,185.2355
1256432,10,0.51130,0.51130,0.51183,42.2034,0.1306
1256505,10,0.55626,0.55626,0.55738,42.4169,0.1280
1256570,10,0.34548,0.34548,0.34601,41.3581,0.1122
1256596,10,0.68138,0.68138,0.68203,43.1657,0.1732
1256680,10,0.29438,0.29438,0.29546,41.0736,0.1816
1256701,10,0.43629,0.43629,0.43749,42.2472,0.2308
1256764,10,0.55650,0.55649,0.55774,42.3113,0.1495
1256765,10,0.35267,0.35267,0.35377,41.9941,15.4682
1256807,10,0.61943,0.61943,0.62074,42.6177,0.2308
1256817,10,0.47982,0.47982,0.48100,41.9718,0.1545
1256819,10,0.58576,0.58576,0.58701,42.6951,0.1753
1256823,10,0.44084,0.44084,0.44199,41.9277,0.1079
1256933,10,0.35284,0.35284,0.35332,41.4972,0.1601
1257016,10,0.33743,0.33743,0.33840,41.1332,0.1758
1257022,10,0.38684,0.38683,0.38786,41.6090,0.1359
1257040,10,0.35177,0.35177,0.35277,41.2499,0.1165
1257102,10,0.47330,0.47330,0.47434,42.0584,0.1597
1257112,10,0.37001,0.37001,0.37099,41.3201,172.2755
1257129,10,0.58817,0.58817,0.58932,42.4801,0.1700
1257144,10,0.52560,0.52559,0.52670,42.4068,0.1933
1257216,10,0.65434,0.65434,0.65557,42.9527,0.1309
1257228,10,1.02433,1.02433,1.02514,43.9335,172.6372
1257335,10,0.48410,0.48410,0.48464,42.3096,0.1721
1257356,10,0.33257,0.33257,0.33307,41.0836,0.1270
1257366,10,0.21136,0.21136,0.21182,40.1145,0.1660
1257419,10,0.40361,0.40361,0.40412,41.7010,0.1609
1257496,10,0.59401,0.59401,0.59458,42.3694,0.2308
1257533,10,0.22953,0.22953,0.23003,40.0575,0.1105
1257602,10,0.52211,0.52211,0.52271,42.3563,0.1270
1257605,10,0.74535,0.74535,0.74605,43.1594,0.1789
1257609,10,0.33389,0.33389,0.33440,41.0423,0.2046
1257646,10,0.84094,0.84094,0.84169,43.5610,0.2565
1257695,10,0.18383,0.18383,0.18472,39.7886,0.0939
1257775,10,0.47598,0.47598,0.47654,42.1705,0.2238
1257839,10,0.64421,0.64421,0.64538,42.8967,0.1647
1257905,10,0.61393,0.61393,0.61509,42.7113,0.1531
1257934,10,0.29648,0.29648,0.29739,40.8458,0.1298
1258061,10,0.45831,0.45831,0.45939,42.1187,0.1626
1258090,10,0.36656,0.36656,0.36757,41.4013,0.1242
1258118,10,0.62518,0.62518,0.62638,42.8835,0.1683
1258191,10,0.51689,0.51690,0.51814,42.5448,0.2008
1258249,10,0.62104,0.62104,0.62237,42.9111,0.1852
1258289,10,0.50509,0.50509,0.50629,42.3312,0.1877
1258309,10,0.47616,0.47616,0.47736,41.9875,0.1771
1258330,10,0.52473,0.52473,0.52595,42.1302,0.1682
1258422,10,0.52105,0.52105,0.52227,42.3656,0.2016
1258433,10,0.61445,0.61445,0.61572,43.0487,0.2438
1258500,10,0.49383,0.49383,0.49502,42.0261,0.1921
1258529,10,0.82394,0.82394,0.82542,43.7940,0.2506
1258591,10,0.59750,0.59750,0.59880,42.4782,0.2418
1258802,10,0.54947,0.54947,0.55063,42.3459,0.1642
1258906,10,0.34918,0.34918,0.35013,41.3692,0.1552
1258940,10,0.42593,0.42593,0.42694,41.8274,0.1285
1259006,10,0.52790,0.52790,0.52913,42.3011,0.1992
1259246,10,0.22284,0.22284,0.22330,40.0820,0.1701
1259330,10,0.60243,0.60243,0.60357,42.8935,0.2190
1259352,10,0.21986,0.21986,0.22034,39.9721,0.1583
1259412,10,0.30477,0.30477,0.30581,40.9722,0.1086
1259500,10,0.56161,0.56161,0.56288,42.3576,0.1464
1259511,10,0.32710,0.32710,0.32816,41.2275,0.0913
1259538,10,0.51244,0.51244,0.51363,42.3698,0.1431
1259561,10,0.56751,0.56751,0.56882,42.4527,0.1336
1259585,10,0.56401,0.56401,0.56530,42.6607,0.1553
1259615,10,0.32008,0.32008,0.32116,41.0766,0.1611
1259667,10,0.65871,0.65871,0.65939,43.2686,0.2009
1259771,10,0.53232,0.53232,0.53341,42.3311,0.1646
1260000,10,0.55060,0.55060,0.55172,42.7092,0.1764
1260030,10,0.45811,0.45811,0.45918,41.9397,0.1416
1260050,10,0.27279,0.27278,0.27372,40.6647,0.1081
1260058,10,0.38948,0.38948,0.39050,41.1509,0.1936
1260105,10,0.69410,0.69410,0.69550,43.0773,0.1368
1260107,10,0.42982,0.42982,0.43100,41.8060,0.2459
1260113,10,0.35469,0.35469,0.35583,41.2955,0.2203
1260159,10,0.43034,0.43034,0.43153,41.9365,0.2068
1260241,10,0.33336,0.33336,0.33442,41.2026,0.1217
1260427,10,0.81750,0.81750,0.81895,43.4706,0.1540
1260459,10,0.85674,0.85674,0.85824,43.3903,0.1759
1260461,10,0.85855,0.85855,0.86005,43.6566,0.2353
1260463,10,0.62024,0.62023,0.62154,42.8792,0.2124
1260522,10,0.74133,0.74133,0.74274,43.3982,0.1709
1260551,10,0.55236,0.55236,0.55292,42.2512,0.1541
1260556,10,0.27437,0.27437,0.27487,40.7403,0.1707
1260568,10,0.53806,0.53805,0.53864,42.4295,0.2034
1260605,10,0.55534,0.55534,0.55594,42.4185,0.1453
1260639,10,0.59141,0.59141,0.59196,42.5678,0.2241
1260645,10,0.67405,0.67405,0.67462,43.0399,0.1650
1260889,10,0.52885,0.52885,0.52993,42.4106,0.1600
1260949,10,0.41568,0.41568,0.41670,41.6610,0.1547
1260954,10,0.69873,0.69873,0.69994,43.0747,0.1600
1261144,10,0.61069,0.61069,0.61126,42.7008,0.1649
1261163,10,0.61854,0.61854,0.61917,42.7152,0.2911
1261173,10,0.47377,0.47377,0.47431,42.1430,0.1897
1261191,10,0.66147,0.66147,0.66212,42.9267,0.1387
1261193,10,0.19246,0.19246,0.19293,39.9331,0.1887
1261233,10,0.53166,0.53166,0.53225,42.3417,0.1387
1261236,10,0.59789,0.59789,0.59850,42.4576,0.2049
1261259,10,0.52723,0.52723,0.52786,42.3711,0.1225
1261456,10,0.62162,0.62162,0.62298,42.8978,0.1529
1261503,10,0.35211,0.35211,0.35321,41.1448,0.1317
1261579,10,0.32214,0.32214,0.32320,40.9742,0.1132
1261587,10,0.65387,0.65387,0.65455,42.8388,0.1606
1261784,10,0.26523,0.26523,0.26572,40.8743,0.2063
1261963,10,0.27963,0.27963,0.28053,40.8866,0.2119
1262016,10,0.46694,0.46694,0.46812,42.0434,0.1236
1262055,10,0.58072,0.58072,0.58130,42.7608,0.1876
1262084,10,0.45360,0.45360,0.45416,42.1695,0.1665
1262128,10,0.11323,0.11323,0.11365,39.0697,0.7632
1262131,10,0.33802,0.33802,0.33852,41.1919,0.1137
1262135,10,0.38328,0.38328,0.38378,41.5092,0.1312
1262163,10,0.33520,0.33520,0.33566,42.1620,5.3230
1262181,10,0.46949,0.46949,0.47001,42.5100,0.2578
1262232,10,0.26103,0.26103,0.26151,41.0566,2.3192
1262252,10,0.45294,0.45294,0.45401,41.9758,0.1851
1262267,10,0.56215,0.56215,0.56332,42.1856,0.2118
1262550,10,0.29209,0.29209,0.29304,40.8536,0.1109
1262573,10,0.23747,0.23747,0.23837,40.4289,0.1419
1262588,10,0.40644,0.40644,0.40759,41.8844,0.3265
1262726,10,0.25378,0.25378,0.25478,40.2737,0.1442
1262736,10,0.52929,0.52929,0.53050,42.2750,0.1803
1262746,10,0.23079,0.23079,0.23176,40.3090,0.1382
1262803,10,0.61343,0.61343,0.61470,43.0689,0.2136
1262895,10,0.70548,0.70548,0.70615,42.9813,0.2449
1262899,10,0.77692,0.77692,0.77759,43.0528,331.7325
1263039,10,0.65514,0.65514,0.65650,42.9161,0.1656
1263062,10,0.50827,0.50827,0.50950,42.0564,0.1302
1263090,10,0.65206,0.65206,0.65341,42.7438,0.1453
1263125,10,1.02868,1.02868,1.02947,44.1989,0.1779
1263130,10,0.68017,0.68017,0.68084,42.8140,0.2143
1263139,10,0.72737,0.72737,0.72801,43.3653,0.1664
1263197,10,0.33778,0.33778,0.33826,41.0213,0.1495
1263244,10,0.45799,0.45799,0.45902,42.4863,0.3065
1263369,10,0.31251,0.31251,0.31343,41.0799,0.1148
1263580,10,0.58276,0.58276,0.58393,42.6372,0.2154
1263715,10,0.29185,0.29185,0.29279,40.8492,0.1241
1263785,10,1.06420,1.06420,1.06498,44.1596,0.1598
1263788,10,0.75729,0.75729,0.75796,43.4259,0.4507
1263829,10,0.50070,0.50070,0.50128,42.3163,0.1978
1263852,10,0.66083,0.66083,0.66144,43.0246,0.2038
1263856,10,0.69783,0.69783,0.69849,43.3530,0.2190
1263930,10,0.43578,0.43578,0.43631,42.0993,0.2407
1263936,10,0.49523,0.49523,0.49575,42.2009,0.2156
1264038,10,0.66362,0.66362,0.66425,42.8608,0.1657
1264039,10,0.42460,0.42460,0.42517,42.0414,0.1190
1264049,10,0.54397,0.54397,0.54508,42.2074,0.1414
1264068,10,0.33054,0.33054,0.33147,41.3308,0.1336
1264077,10,0.56459,0.56459,0.56572,42.8556,0.2106
1264106,10,0.42749,0.42749,0.42850,41.5519,1.1983
1264375,10,0.49572,0.49572,0.49690,42.2782,0.2281
1264434,10,0.31075,0.31075,0.31179,40.8746,0.1398
1264499,10,0.44841,0.44841,0.44958,41.6600,0.1841
1264512,10,0.36027,0.36027,0.36136,41.3354,0.1403
1264606,10,0.68110,0.68110,0.68176,42.9215,0.1690
1264631,10,0.55299,0.55299,0.55424,42.1721,0.1747
1264689,10,0.73162,0.73162,0.73303,43.2327,0.2173
1264948,10,0.50394,0.50394,0.50502,42.1735,0.1740
1264963,10,0.55214,0.55214,0.55325,42.6065,0.2201
1265011,10,0.34689,0.34689,0.34785,41.1132,0.1381
1265040,10,0.42981,0.42981,0.43100,41.4572,0.2086
1265089,10,0.44472,0.44472,0.44588,41.8635,0.1778
1265134,10,0.47304,0.47304,0.47362,41.9875,0.1786
1265136,10,1.05303,1.05303,1.05386,44.2966,0.1985
1265165,10,0.31752,0.31752,0.31845,41.2899,0.1269
1265169,10,0.68332,0.68332,0.68453,43.0277,0.1543
1265231,10,0.68397,0.68397,0.68533,42.9853,0.2451
1265260,10,0.60311,0.60311,0.60440,42.4900,0.2551
1265281,10,0.36021,0.36021,0.36131,41.5962,0.2559
1265349,10,0.79939,0.79939,0.80084,43.4355,0.2261
1265426,10,0.42029,0.42029,0.42080,41.9824,0.1673
1265623,10,0.70978,0.70978,0.71045,43.4205,0.1994
1265832,10,0.39876,0.39876,0.39978,41.8982,0.3428
1265990,10,0.58574,0.58574,0.58691,42.5994,0.1948
1266015,10,0.36160,0.36160,0.36259,41.4437,0.2152
1266255,10,0.29358,0.29358,0.29461,40.9757,0.1202
1266634,10,0.49820,0.49820,0.49927,42.3312,0.2297
1266808,10,0.32930,0.32930,0.33040,42.1274,177.0168
1266830,10,0.57039,0.57039,0.57170,42.4059,0.1740
1267094,10,0.62318,0.62318,0.62380,42.7798,0.0466
1271436,10,0.79511,0.79511,0.79583,43.3341,0.1623
1273127,10,0.18937,0.18937,0.19024,39.9615,0.1402
1275873,10,0.40188,0.40188,0.40288,41.5317,0.1916
1275946,10,0.23212,0.23212,0.23300,40.3565,0.1071
1276546,10,0.35329,0.35329,0.35428,41.5401,0.1362
1277173,10,0.14940,0.14940,0.15035,39.2893,0.0975
1277710,10,0.68179,0.68179,0.68245,43.0450,0.2107
1277715,10,0.34602,0.34601,0.34655,41.2938,0.1360
1277716,10,0.69313,0.69313,0.69377,43.0442,0.1998
1277945,10,0.43369,0.43369,0.43425,41.9614,0.1616
1277995,10,0.72199,0.72199,0.72265,42.8993,0.3072
1278493,10,0.27237,0.27237,0.27340,40.7101,0.1209
1278602,10,0.34799,0.34799,0.34896,41.4858,0.2051
1278747,10,0.32321,0.32321,0.32426,40.9118,0.2292
1279420,10,0.25692,0.25691,0.25736,40.4844,0.1554
1279488,10,0.49412,0.49412,0.49532,42.2039,0.2237
1279500,10,0.23470,0.23470,0.23568,40.3975,0.1202
1279501,10,0.56528,0.56527,0.56655,42.4454,0.1805
1279714,10,0.69938,0.69938,0.70074,43.5927,0.2794
1280135,10,0.77082,0.77082,0.77150,43.4997,0.1726
1280240,10,0.05962,0.05962,0.05999,37.3523,0.1374
1280332,10,0.49219,0.49219,0.49340,42.7013,0.3553
1280762,10,0.62617,0.62617,0.62682,43.1169,0.2308
1280780,10,0.68399,0.68399,0.68463,42.9619,0.2694
1280790,10,0.63211,0.63211,0.63278,42.8190,0.2114
1280792,10,0.68056,0.68056,0.68123,42.7794,0.2554
1280807,10,0.73899,0.73899,0.73965,43.3168,0.2079
1281119,10,0.19902,0.19902,0.19947,39.9821,0.1956
1281135,10,0.65195,0.65195,0.65254,42.5141,0.1354
1281668,10,0.30697,0.30697,0.30791,41.0115,0.1129
1281691,10,0.57821,0.57821,0.57935,42.7633,0.1788
1281879,10,0.50547,0.50547,0.50657,42.2005,0.1918
1281886,10,0.38393,0.38393,0.38493,41.4986,0.1686
1282018,10,0.42376,0.42376,0.42480,41.6877,0.1593
1282114,10,0.21781,0.21781,0.21881,40.3022,0.1457
1282463,10,0.64685,0.64685,0.64804,42.8506,0.1637
1282736,10,0.37797,0.37797,0.37908,41.4595,0.1696
1282966,10,0.58012,0.58012,0.58072,42.5347,0.1689
1283272,10,0.38353,0.38353,0.38405,41.4520,0.2270
1283373,10,0.20753,0.20753,0.20797,40.1748,0.1012
1283855,10,0.56536,0.56536,0.56651,42.3917,0.1713
1283878,10,0.31286,0.31286,0.31390,41.1292,0.1184
1283923,10,0.14631,0.14631,0.14715,39.4609,0.1699
1283924,10,0.54888,0.54888,0.54998,42.4030,219.9254
1283936,10,0.36862,0.36862,0.36960,41.5430,0.2311
1284567,10,0.65483,0.65483,0.65602,42.8146,0.1554
1284601,10,0.40512,0.40512,0.40563,41.7484,0.1409
1285317,10,0.56441,0.56441,0.56555,42.4416,0.1504
1285539,10,0.48417,0.48417,0.48469,42.3887,0.3686
1286337,10,0.66296,0.66296,0.66422,42.7595,0.1943
1286881,10,0.52280,0.52280,0.52334,42.3697,0.1385
1287437,10,0.33681,0.33681,0.33727,41.4118,0.2077
1287883,10,0.65718,0.65718,0.65842,42.8070,0.1863
1288083,10,0.23048,0.23048,0.23147,40.2144,0.1304
1289288,10,0.29001,0.29001,0.29093,40.8474,0.1702
1289306,10,0.54268,0.54268,0.54380,42.5670,0.1648
1289366,10,0.37769,0.37769,0.37869,42.0661,1.1497
1289470,10,0.61207,0.61207,0.61268,42.5428,0.2053
1289555,10,0.56173,0.56173,0.56289,42.3118,0.1518
1289600,10,0.41962,0.41962,0.42019,41.9066,0.1979
1289664,10,0.25907,0.25907,0.26000,40.2411,0.1334
1289714,10,0.53582,0.53582,0.53638,42.6863,0.1919
1289812,10,0.70875,0.70875,0.71009,43.4183,0.2142
1289913,10,0.38495,0.38495,0.38598,41.0344,0.1777
1289982,10,0.11621,0.11621,0.11665,41.4153,188.5074
1290007,10,0.43112,0.43112,0.43170,41.7775,0.2158
1290043,10,0.73488,0.73488,0.73556,43.2424,0.1893
1290176,10,0.79530,0.79530,0.79602,43.3569,0.2347
1290191,10,0.59506,0.59506,0.59567,42.3802,0.1949
1290323,10,0.59909,0.59909,0.59969,42.4098,0.2052
1290394,10,0.57153,0.57153,0.57271,42.4885,0.2112
1290593,10,0.67528,0.67528,0.67594,43.0985,0.2875
1290816,10,0.21847,0.21847,0.21892,40.3740,0.1398
1290948,10,0.53680,0.53680,0.53736,42.3279,0.1843
1290967,10,0.28110,0.28110,0.28158,40.4253,0.2597
1290995,10,0.54352,0.54351,0.54410,42.2857,0.1306
1291090,10,0.29199,0.29199,0.29292,40.8719,0.1153
1291143,10,0.47819,0.47819,0.47937,42.0383,0.2003
1291149,10,0.23057,0.23057,0.23156,42.3377,239.4149
1291155,10,0.51089,0.51089,0.51213,42.0253,0.1465
1291159,10,0.53976,0.53976,0.54102,42.4047,0.2013
1291242,10,0.27905,0.27905,0.28008,40.9033,0.2070
1291254,10,0.35021,0.35021,0.35116,41.2415,0.2467
1291346,10,0.29770,0.29770,0.29876,40.7045,0.1403
1291408,10,0.34721,0.34721,0.34818,41.1346,0.1501
1291511,10,0.37228,0.37228,0.37325,41.2427,0.1674
1291580,10,0.31268,0.31268,0.31315,41.6168,221.2396
1291733,10,0.54784,0.54784,0.54895,42.0456,0.4182
1291783,10,0.39821,0.39821,0.39922,41.8191,0.1720
1291788,10,0.38400,0.38400,0.38450,41.7518,0.2541
1291794,10,0.39512,0.39512,0.39560,41.6591,0.1566
1291957,10,0.37143,0.37143,0.37244,41.4071,0.1357
1292033,10,0.32472,0.32472,0.32565,41.2352,0.1467
1292040,10,0.16897,0.16897,0.16979,40.4502,137.1700
1292145,10,0.49245,0.49245,0.49300,42.4130,0.2423
1292227,10,0.29186,0.29185,0.29279,40.7897,0.1595
1292332,10,0.27265,0.27265,0.27358,40.6888,0.1075
1292336,10,0.23355,0.23355,0.23446,40.2530,0.1619
1292560,10,0.22482,0.22482,0.22582,40.2604,0.1011
1292767,10,0.30893,0.30893,0.30996,40.9941,0.1572
1292823,10,0.34565,0.34565,0.34672,41.3178,0.1196
1292997,10,0.41447,0.41447,0.41562,41.7193,0.2145
1293006,10,0.50436,0.50436,0.50562,42.3172,0.2221
1293028,10,0.75366,0.75366,0.75509,43.2984,0.3295
1293046,10,0.60736,0.60736,0.60863,42.8580,0.2050
1293275,10,0.30179,0.30179,0.30283,41.8215,28.9924
1293319,10,0.29686,0.29686,0.29790,40.8982,0.1489
1293366,10,0.32040,0.32040,0.32145,41.2714,0.1504
1293465,10,0.49801,0.49801,0.49920,42.3299,0.3206
1293758,10,0.14812,0.14812,0.14896,39.3442,0.0930
1293783,10,0.32874,0.32874,0.32927,41.1511,0.1723
1293789,10,0.42857,0.42857,0.42914,41.8685,0.1245
1293832,10,0.81325,0.81325,0.81398,43.3334,0.1431
1293921,10,0.50492,0.50492,0.50552,42.2792,0.1232
1294137,10,0.47085,0.47085,0.47190,41.8283,0.2930
1294340,10,0.36087,0.36087,0.36186,41.1865,0.1595
1294341,10,0.36798,0.36798,0.36897,41.4873,0.1519
1294351,10,0.33828,0.33828,0.33926,41.2872,0.1391
1294667,10,0.62818,0.62818,0.62950,42.8742,0.2031
1294743,10,0.31257,0.31257,0.31363,41.0447,0.2078
1294806,10,0.52535,0.52535,0.52588,42.3759,0.1649
1294948,10,0.30246,0.30246,0.30291,40.3838,2.9257
1294971,10,0.58822,0.58822,0.58877,42.9911,0.1827
1295024,10,0.33386,0.33386,0.33494,41.4857,0.1684
1295027,10,0.42561,0.42561,0.42676,41.7480,0.1458
1295079,10,0.54436,0.54436,0.54562,42.7236,0.1985
1295249,10,0.53250,0.53251,0.53309,42.6333,0.1731
1295285,10,0.52513,0.52513,0.52634,42.3179,0.1227
1295291,10,0.86179,0.86179,0.86329,43.8826,0.2904
1295315,10,0.34886,0.34886,0.34934,41.2070,0.1217
1295436,10,0.29584,0.29584,0.29687,42.4532,209.2092
1295509,10,0.68363,0.68363,0.68428,42.8985,0.1745
1295527,10,0.88491,0.88491,0.88568,43.5374,0.2103
1295550,10,0.87270,0.87270,0.87345,43.7612,0.4450
1295592,10,0.35631,0.35631,0.35684,41.2975,0.1201
1295685,10,0.55929,0.55929,0.56046,42.5561,0.2992
1295794,10,0.67098,0.67098,0.67164,42.9858,0.2535
1295800,10,0.74855,0.74855,0.74924,43.3972,0.2731
1296161,10,0.86243,0.86243,0.86394,43.7957,0.2342
1296173,10,0.65763,0.65763,0.65898,42.6922,0.2735
1296321,10,0.18443,0.18444,0.18531,40.0484,0.1675
1296657,10,0.14624,0.14624,0.14715,39.3371,0.1136
1296671,10,0.64852,0.64852,0.64986,42.9702,0.1425
1296793,10,0.64392,0.64392,0.64526,42.9341,0.1513
1296802,10,0.74392,0.74392,0.74534,43.1073,0.1876
1296919,10,0.67698,0.67698,0.67832,43.0717,0.2039
1296963,10,0.48813,0.48813,0.48917,42.1856,0.1525
1297026,10,0.25854,0.25854,0.25956,40.5872,0.1179
1297061,10,0.53387,0.53387,0.53445,42.7026,0.2436
1297063,10,0.43516,0.43516,0.43570,41.9523,0.1761
1297064,10,0.65045,0.65045,0.65109,43.0382,0.1843
1297070,10,0.73069,0.73069,0.73135,43.0400,0.1742
1297157,10,0.54888,0.54888,0.54947,42.5247,0.1638
1297318,10,0.33479,0.33479,0.33529,41.3386,0.2094
1297353,10,0.54402,0.54402,0.54459,42.1596,0.1495
1297365,10,0.34316,0.34316,0.34365,42.7317,234.9624
1297377,10,0.60981,0.60981,0.61044,42.5374,0.2011
1297465,10,0.27784,0.27784,0.27836,41.0082,0.1379
1297490,10,0.73677,0.73677,0.73743,43.2130,0.2113
1297501,10,0.21492,0.21492,0.21541,39.7845,0.1918
1297532,10,0.86461,0.86461,0.86532,43.4828,0.2368
1297580,10,0.63561,0.63561,0.63626,43.0660,0.1808
1297742,10,0.46256,0.46256,0.46364,41.8654,0.1254
1297927,10,0.28513,0.28513,0.28605,40.8949,0.1148
1298079,10,0.26048,0.26048,0.26136,40.7395,0.1477
1298246,10,0.60946,0.60946,0.61058,42.5718,0.1527
1298266,10,0.48930,0.48930,0.49038,42.2370,0.2617
1298369,10,0.47792,0.47792,0.47917,42.3010,0.1789
1298763,10,0.60960,0.60960,0.61093,43.0466,0.2094
1298893,10,0.19616,0.19616,0.19712,39.9524,0.1222
1299033,10,0.69226,0.69226,0.69363,43.1393,0.1433
1299090,10,0.68339,0.68339,0.68474,43.1012,0.1340
1299190,10,0.69836,0.69836,0.69974,43.1146,0.1922
1299258,10,0.80109,0.80109,0.80255,43.3671,0.1623
1299266,10,0.91289,0.91289,0.91440,43.9048,0.1819
1299327,10,0.98158,0.98158,0.98316,43.8412,0.1293
1299439,10,0.59158,0.59158,0.59271,42.8575,0.1576
1299503,10,0.29498,0.29498,0.29602,43.9515,252.5868
1299643,10,0.37677,0.37678,0.37727,41.4770,0.1275
1299712,10,0.73065,0.73064,0.73129,43.2175,0.1436
1299746,10,0.36571,0.36571,0.36621,41.3446,0.1981
1299758,10,0.47241,0.47241,0.47293,42.1088,0.1804
1299775,10,0.16008,0.16008,0.16051,39.1271,0.1753
1299785,10,0.38131,0.38131,0.38182,41.5043,0.1810
1300025,10,0.41357,0.41357,0.41459,41.6791,0.1763
1300084,10,0.61843,0.61843,0.61958,43.0581,0.2378
1300160,10,0.40925,0.40925,0.41029,41.5640,0.1775
1300179,10,0.31722,0.31722,0.31818,41.1348,0.1445
1300390,10,0.26765,0.26765,0.26860,40.6639,0.1151
1300441,10,0.48485,0.48485,0.48590,42.1017,0.1578
1300470,10,0.51413,0.51413,0.51520,42.5672,0.2380
1300516,10,0.31042,0.31042,0.31151,40.6915,0.2175
1300517,10,0.40031,0.40031,0.40132,41.5190,0.1757
1300531,10,0.58454,0.58454,0.58567,42.8500,0.1807
1300590,10,0.65633,0.65633,0.65770,42.7723,0.1184
1300703,10,0.29571,0.29571,0.29674,41.0331,0.1632
1300777,10,0.81684,0.81684,0.81830,43.3324,0.1575
1300912,10,0.33779,0.33780,0.33834,41.1940,0.1958
1301142,10,0.71139,0.71139,0.71266,43.1318,0.1418
1301332,10,0.46754,0.46754,0.46861,42.1704,0.1641
1301397,10,0.60955,0.60955,0.61076,43.0554,0.1758
1301915,10,0.62043,0.62043,0.62104,43.1038,0.2219
1301933,10,0.32959,0.32959,0.33065,41.2585,0.0971
1301936,10,0.34304,0.34304,0.34351,41.6089,0.2128
1301963,10,0.41527,0.41527,0.41577,41.7516,0.1262
1302027,10,0.74899,0.74899,0.74959,43.2671,0.1547
1302055,10,0.54327,0.54327,0.54383,42.8166,0.2138
1302073,10,0.58845,0.58845,0.58900,42.6482,0.2054
1302110,10,0.45351,0.45351,0.45459,42.2788,0.2687
1302117,10,0.49238,0.49238,0.49349,42.3081,0.2052
1302123,10,0.29156,0.29156,0.29207,40.8596,0.1046
1302185,10,0.73717,0.73717,0.73783,43.4571,0.2459
1302187,10,0.21942,0.21942,0.21992,39.9419,0.1823
1302188,10,0.34895,0.34895,0.34950,41.3170,0.1500
1302199,10,0.87001,0.87001,0.87076,43.3385,0.1882
1302346,10,0.53042,0.53042,0.53152,42.6084,0.1787
1302353,10,0.57193,0.57193,0.57305,42.5533,0.1312
1302359,10,0.25308,0.25308,0.25358,40.4772,0.1673
1302399,10,0.76495,0.76495,0.76565,43.3531,314.7000
1302418,10,0.47780,0.47780,0.47885,42.2258,0.1456
1302523,10,0.42391,0.42391,0.42505,41.8514,0.1104
1302550,10,0.75249,0.75249,0.75391,43.1155,0.1679
1302564,10,0.52716,0.52716,0.52840,42.1239,0.1622
1302572,10,0.58740,0.58740,0.58858,42.6501,0.1338
1302635,10,0.20268,0.20268,0.20355,40.7695,53.1158
1302648,10,0.23171,0.23171,0.23259,40.1519,0.1735
1302675,10,1.02836,1.02836,1.03001,44.2698,1.0593
1302705,10,0.79229,0.79229,0.79358,43.3874,0.1326
1302719,10,0.64527,0.64527,0.64645,43.1830,0.1556
1302738,10,0.67783,0.67783,0.67900,42.9998,0.1642
1302901,10,0.62618,0.62618,0.62737,43.1653,0.1831
1302915,10,0.35921,0.35921,0.36022,41.3793,0.1332
1303118,10,0.58838,0.58838,0.58967,42.8256,0.2522
1303140,10,0.49592,0.49592,0.49718,42.4705,0.1430
1303197,10,0.52562,0.52562,0.52682,42.2135,0.1282
1303215,10,0.32869,0.32869,0.32917,41.6049,0.2179
1303257,10,0.77159,0.77159,0.77301,43.6303,0.2651
1303314,10,0.60491,0.60491,0.60620,42.9177,0.2655
1303317,10,0.47429,0.47429,0.47545,42.0807,0.2013
1303466,10,0.65274,0.65274,0.65333,43.4184,0.2510
1303496,10,0.17978,0.17978,0.18021,39.6975,0.1488
1303658,10,0.66788,0.66788,0.66912,42.8951,0.1457
1303663,10,0.81825,0.81825,0.81961,43.6748,0.1582
1303699,10,0.79547,0.79547,0.79621,43.2692,0.1773
1303722,10,1.02468,1.02468,1.02547,44.3153,0.2017
1303753,10,0.65241,0.65242,0.65363,42.9442,0.1410
1303881,10,0.77004,0.77004,0.77131,43.3362,0.1438
1303883,10,0.25904,0.25904,0.25993,40.5093,0.1350
1303910,10,0.68455,0.68456,0.68577,43.2822,0.1887
1303952,10,0.56262,0.56262,0.56387,42.5951,0.1521
1304183,10,0.63502,0.63502,0.63618,42.7559,0.1698
1304193,10,0.45354,0.45354,0.45456,42.0796,0.1640
1304362,10,0.76177,0.76177,0.76303,43.5023,0.1703
1304442,10,0.21711,0.21711,0.21760,40.1520,0.1763
1304456,10,0.42989,0.42989,0.43093,41.6887,0.1082
1304501,10,0.51882,0.51882,0.51991,42.5169,0.2498
1304503,10,0.52971,0.52971,0.53030,42.2896,0.1329
1304506,10,0.75421,0.75421,0.75488,43.4228,0.1803
1304652,10,0.58126,0.58126,0.58240,42.6406,0.1548
1304678,10,0.21883,0.21883,0.21927,40.1327,0.1083
1304777,10,0.40476,0.40476,0.40528,41.6306,0.1380
1304779,10,0.55993,0.55993,0.56050,42.4586,0.1291
1304841,10,0.74126,0.74126,0.74249,43.4891,0.1761
1304991,10,0.65866,0.65866,0.65984,42.9716,0.1500
1305051,10,0.29887,0.29887,0.29980,41.0895,0.1462
1305219,10,0.61633,0.61633,0.61748,43.0185,0.1641
1305276,10,0.25286,0.25286,0.25390,40.7330,0.2032
1305308,10,0.68972,0.68972,0.69112,43.2186,0.1415
1305350,10,0.49263,0.49263,0.49382,42.2933,0.2645
1305409,10,0.61935,0.61935,0.62066,42.7499,0.1564
1305486,10,0.89888,0.89888,0.90040,43.6493,0.1497
1305504,10,0.49559,0.49559,0.49679,42.2792,0.1417
1305541,10,0.83293,0.83293,0.83438,43.4845,0.1317
1305626,10,0.32572,0.32572,0.32680,41.1211,0.1036
1305687,10,0.62740,0.62740,0.62859,43.2163,0.1543
1305756,10,0.27589,0.27589,0.27638,40.5548,0.3982
1305785,10,0.47328,0.47327,0.47431,42.2885,0.1558
1305807,10,0.56997,0.56997,0.57110,42.8879,0.2473
1305835,10,0.34196,0.34196,0.34291,41.3198,0.1870
1305873,10,0.60092,0.60092,0.60153,42.7776,0.1760
1305946,10,0.64663,0.64663,0.64800,43.0884,0.1709
1306059,10,0.60631,0.60631,0.60760,42.8400,0.1858
1306067,10,0.72220,0.72220,0.72280,42.9867,0.1146
1306073,10,0.32858,0.32858,0.32964,41.1549,0.1118
1306110,10,0.60864,0.60864,0.60994,42.6001,0.1361
1306141,10,0.33239,0.33239,0.33286,41.0657,0.1259
1306360,10,0.45478,0.45478,0.45534,41.9874,0.1641
1306366,10,0.15063,0.15062,0.15145,39.6260,0.2123
1306378,10,0.36101,0.36101,0.36195,41.5427,0.2078
1306390,10,0.40911,0.40911,0.41009,41.9598,0.2320
1306423,10,0.44638,0.44638,0.44739,41.8234,0.1977
1306578,10,0.42044,0.42044,0.42150,41.5869,0.1313
1306626,10,0.42089,0.42089,0.42140,41.6896,0.1534
1306736,10,0.55145,0.55145,0.55200,42.3528,0.1944
1306980,10,0.54674,0.54674,0.54789,42.4675,0.2350
1306986,10,0.44808,0.44808,0.44916,42.3781,0.3058
1306991,10,0.42199,0.42199,0.42306,41.6359,0.1799
1307261,10,0.70351,0.70351,0.70487,42.8957,0.1621
1307277,10,0.41113,0.41113,0.41216,41.6181,0.2043
1307748,10,0.52527,0.52527,0.52589,42.0480,0.1684
1307783,10,0.74061,0.74061,0.74130,43.5434,0.2404
1307830,10,0.35948,0.35948,0.36000,41.5009,0.1040
1307843,10,0.92146,0.92146,0.92220,44.1131,0.2862
1308314,10,0.40647,0.40647,0.40700,41.8129,0.1502
1308326,10,0.32622,0.32622,0.32717,41.1619,0.1096
1308357,10,0.34157,0.34157,0.34255,41.0708,0.1852
1308453,10,0.75572,0.75572,0.75712,43.4596,0.2266
1308529,10,0.72212,0.72212,0.72352,43.2715,0.2579
1308568,10,0.64304,0.64304,0.64442,42.6368,0.1583
1308582,10,0.36704,0.36704,0.36812,41.2529,0.1005
1308589,10,0.68576,0.68576,0.68643,42.5634,0.4680
1308916,10,0.43769,0.43769,0.43820,42.0038,0.2028
1309013,10,0.21260,0.21260,0.21358,40.0106,0.1872
1309051,10,0.59629,0.59629,0.59756,42.5321,0.1918
1309215,10,0.77464,0.77464,0.77536,43.0895,0.1842
1309227,10,0.92576,0.92576,0.92649,44.1497,0.1940
1309288,10,0.26793,0.26793,0.26838,40.6163,0.1063
1309293,10,0.33472,0.33472,0.33521,41.1876,0.1954
1309323,10,0.48309,0.48309,0.48362,42.1468,0.1920
1309330,10,0.34472,0.34472,0.34521,42.2259,2.2993
1309376,10,0.74009,0.74009,0.74073,43.3385,0.1595
1309492,10,0.33352,0.33352,0.33403,41.0999,0.1066
1309509,10,0.96296,0.96296,0.96373,44.1335,0.2123
1309551,10,0.65135,0.65135,0.65259,43.2364,0.2273
1309694,10,0.45353,0.45353,0.45456,42.0954,0.2062
1309696,10,0.80954,0.80954,0.81086,43.7187,0.1466
1309870,10,1.01382,1.01382,1.01459,44.1621,0.2339
1309874,10,0.27001,0.27001,0.27092,40.6170,0.1240
1309982,10,1.08142,1.08142,1.08220,44.3723,0.2031
1310073,10,0.62703,0.62703,0.62819,42.8729,0.1488
1310182,10,0.49611,0.49611,0.49720,42.0243,0.1442
1310236,10,0.69085,0.69085,0.69211,43.3420,0.1249
1310294,10,0.43967,0.43967,0.44089,41.9479,0.1580
1310303,10,0.69530,0.69530,0.69670,43.2289,0.1432
1310304,10,0.66881,0.66881,0.67020,43.1519,0.1491
1310367,10,0.23332,0.23332,0.23433,40.4426,0.1190
1310396,10,0.32250,0.32250,0.32358,41.2243,0.1047
1310432,10,0.29471,0.29471,0.29574,40.8865,0.1654
1310475,10,0.66375,0.66375,0.66511,42.9057,0.1282
1310485,10,0.43313,0.43313,0.43429,41.9436,0.1767
1310916,10,0.67923,0.67923,0.67983,42.7751,0.1318
1310963,10,0.45919,0.45919,0.45971,42.5967,266.6761
1310964,10,0.75147,0.75147,0.75210,43.4374,0.1635
1311001,10,0.63094,0.63094,0.63159,42.8771,0.1991
1311113,10,0.61533,0.61533,0.61596,42.8108,0.1454
1311151,10,0.67765,0.67765,0.67830,43.0522,0.2266
1311247,10,0.44183,0.44183,0.44288,41.6007,0.1587
1311394,10,0.34291,0.34291,0.34389,41.0008,0.2486
1311496,10,0.69066,0.69066,0.69188,43.4508,0.1650
1311590,10,0.55910,0.55910,0.56040,42.4502,0.1424
1311631,10,0.64039,0.64039,0.64177,43.1622,0.1706
1311632,10,0.42420,0.42420,0.42538,41.7366,0.1603
1311755,10,0.47100,0.47100,0.47220,42.0399,0.1457
1311884,10,0.68136,0.68136,0.68269,42.8973,0.1635
1311903,10,0.71912,0.71912,0.72049,43.2137,0.2249
1311921,10,1.04436,1.04436,1.04600,43.9710,0.1949
1312164,10,0.52327,0.52327,0.52438,42.7273,0.3201
1312171,10,0.50043,0.50043,0.50151,42.5517,0.2510
1312213,10,0.40696,0.40697,0.40797,42.2151,0.2593
1312274,10,0.42450,0.42450,0.42551,41.8518,0.1865
1312818,10,0.72292,0.72292,0.72355,43.3110,0.1436
1312821,10,0.66121,0.66121,0.66183,43.4233,0.1918
1312897,10,0.28578,0.28578,0.28683,40.6267,0.2130
1313026,10,0.53696,0.53696,0.53752,42.5237,0.1590
1313057,10,0.33754,0.33754,0.33809,41.3866,0.2055
1313177,10,0.63498,0.63498,0.63620,42.8803,0.1562
1313230,10,0.21792,0.21792,0.21883,40.0934,0.0994
1313434,10,0.69071,0.69071,0.69194,43.1114,0.1482
1313572,10,0.70130,0.70130,0.70256,43.2110,0.1446
1313594,10,0.28834,0.28834,0.28940,40.8587,0.1038
1313698,10,0.43619,0.43619,0.43738,41.8552,0.1547
1314047,10,0.45696,0.45696,0.45813,42.0277,0.1386
1314067,10,0.43365,0.43365,0.43479,41.7952,0.1109
1314071,10,0.32707,0.32707,0.32813,40.9749,0.1605
1314162,10,0.58141,0.58141,0.58267,42.6504,0.1624
1314296,10,0.70426,0.70426,0.70561,43.1806,0.1629
1314317,10,0.78665,0.78665,0.78807,43.2296,0.2460
1314554,10,0.35159,0.35159,0.35253,41.2990,0.1998
1314581,10,0.57450,0.57450,0.57562,42.7842,0.2582
1314709,10,0.65988,0.65988,0.66048,43.0160,0.1706
1314847,10,0.52053,0.52053,0.52173,42.2489,0.1538
1314897,10,0.33662,0.33662,0.33769,41.1376,0.1475
1315191,10,0.58357,0.58357,0.58471,42.6884,0.1399
1315192,10,0.22714,0.22714,0.22800,40.1279,0.1572
1315197,10,0.20823,0.20823,0.20910,39.9876,0.1093
1315259,10,0.22806,0.22806,0.22896,40.2361,0.1516
1315296,10,0.41257,0.41257,0.41363,41.7579,0.2289
1315570,10,0.61273,0.61273,0.61334,42.7928,0.1322
1315795,10,0.37813,0.37813,0.37862,41.3132,0.2044
1315806,10,0.69525,0.69525,0.69590,43.2616,0.1945
1315818,10,0.55218,0.55218,0.55274,42.6747,0.1680
1315832,10,0.62910,0.62910,0.62968,42.8509,0.2130
1315890,10,0.56699,0.56699,0.56815,42.9348,0.2356
1315910,10,0.39365,0.39365,0.39468,42.2243,0.2603
1315947,10,0.73781,0.73781,0.73849,43.0930,0.1615
1315950,10,0.35948,0.35948,0.36000,41.4037,0.1079
1315974,10,0.81174,0.81174,0.81246,43.5930,0.2057
1316385,10,0.14740,0.14740,0.14784,38.9913,0.1298
1316461,10,0.60984,0.60984,0.61047,42.5801,0.1886
1316465,10,0.32909,0.32909,0.32961,41.1055,0.1343
1316487,10,0.77627,0.77627,0.77696,43.8406,0.2978
1316626,10,0.61601,0.61601,0.61667,42.7921,0.1964
1316701,10,0.36115,0.36115,0.36213,41.4981,0.1916
1316831,10,0.43848,0.43848,0.43966,41.9524,0.1438
1316853,10,0.69304,0.69304,0.69445,43.0176,0.1119
1316989,10,0.55343,0.55343,0.55474,42.1825,0.2062
1317164,10,0.15459,0.15459,0.15555,39.2046,0.1724
1317277,10,0.23710,0.23710,0.23810,40.3245,0.1295
1317372,10,0.74393,0.74393,0.74535,43.2483,0.1861
1317496,10,0.64429,0.64429,0.64554,43.2108,0.1927
1317526,10,0.43160,0.43160,0.43276,41.9756,0.1298
1317612,10,0.10442,0.10442,0.10525,38.3453,0.1520
1317666,10,0.14136,0.14136,0.14227,39.3514,0.1700
1317724,10,0.46775,0.46775,0.46890,42.2688,0.1325
1317783,10,0.39436,0.39436,0.39534,41.5776,0.1704
1317956,10,0.86917,0.86917,0.87068,43.7584,0.3169
1318052,10,0.48068,0.48068,0.48127,42.1979,0.2302
1318126,10,0.37298,0.37298,0.37397,41.4563,0.1197
1318158,10,0.78604,0.78604,0.78733,43.6208,0.1455
1318235,10,0.36002,0.36002,0.36101,41.5577,0.1478
1318266,10,0.40626,0.40626,0.40726,41.7285,0.1838
1318304,10,0.39764,0.39764,0.39869,41.4236,0.2000
1318460,10,0.36604,0.36604,0.36704,41.1941,0.1743
1318659,10,0.42354,0.42354,0.42403,42.2622,4.8049
1318661,10,0.34451,0.34451,0.34498,41.5103,0.2028
1318689,10,0.49338,0.49338,0.49392,42.2967,0.1702
1318847,10,0.65992,0.65992,0.66107,43.0052,0.1523
1319058,10,0.66811,0.66811,0.66951,42.9469,0.1435
1319066,10,0.33402,0.33403,0.33449,41.3291,0.2064
1319366,10,0.23482,0.23482,0.23572,40.2567,0.1233
1319539,10,0.37176,0.37176,0.37277,41.3906,0.1439
1319653,10,0.59552,0.59552,0.59613,42.6676,0.1488
1319667,10,0.67756,0.67756,0.67818,42.9838,0.1320
1319711,10,0.24171,0.24171,0.24270,40.4140,0.1193
1319776,10,0.65980,0.65980,0.66040,43.1904,0.1842
1319821,10,0.30880,0.30880,0.30929,41.1081,0.1150
1319840,10,0.48970,0.48970,0.49025,42.1942,0.1394
1319870,10,0.26767,0.26767,0.26812,42.3624,205.2519
1319898,10,0.72860,0.72860,0.72925,43.1441,0.1800
1319926,10,0.56341,0.56341,0.56400,42.4901,0.2099
1320009,10,0.69164,0.69164,0.69229,43.1958,0.1839
1320030,10,0.68141,0.68141,0.68207,43.0093,0.1881
1320126,10,0.52685,0.52685,0.52795,42.4046,0.2000
1320278,10,0.57508,0.57508,0.57622,42.4679,0.1853
1320367,10,0.40109,0.40109,0.40212,42.4168,232.0644
1320447,10,0.57892,0.57892,0.58009,42.6379,0.1563
1320474,10,0.78842,0.78842,0.78908,43.3969,0.1409
1320501,10,0.33683,0.33683,0.33781,41.2372,0.1198
1320704,10,0.26996,0.26996,0.27087,40.4637,0.1477
1320762,10,0.51339,0.51339,0.51445,42.2413,0.1934
1320843,10,0.60874,0.60874,0.60989,42.9052,0.1988
1321006,10,0.30244,0.30244,0.30348,41.1001,0.1213
1321116,10,0.62684,0.62684,0.62816,42.7691,0.1818
1321166,10,0.43510,0.43510,0.43623,42.1230,0.1352
1321261,10,0.58936,0.58936,0.59069,42.3708,0.1443
1321276,10,0.33121,0.33121,0.33227,41.3461,0.1310
1321338,10,0.31048,0.31048,0.31153,41.1068,0.1512
1321365,10,0.31270,0.31270,0.31375,42.2679,200.5970
1321450,10,0.25833,0.25833,0.25928,40.4489,0.1742
1321492,10,0.55467,0.55467,0.55583,42.3287,0.1852
1321522,10,0.17715,0.17715,0.17800,40.6402,149.8745
1321973,10,0.37043,0.37043,0.37157,41.3107,0.1482
1322229,10,0.52612,0.52612,0.52736,42.2783,0.2373
1322819,10,0.33759,0.33759,0.33807,41.3984,0.1257
1322912,10,0.65831,0.65831,0.65953,43.1407,0.2681
1322954,10,0.54327,0.54327,0.54385,42.4390,0.2207
1322975,10,0.84634,0.84634,0.84705,43.8956,0.2579
1323016,10,0.33485,0.33485,0.33582,41.4124,0.1960
1323106,10,0.34417,0.34417,0.34529,41.3303,0.1168
1323349,10,0.50491,0.50491,0.50610,42.3999,0.1839
1323600,10,0.37044,0.37044,0.37145,41.5622,0.1488
1323740,10,0.77137,0.77137,0.77207,43.2730,0.1766
1323777,10,0.53290,0.53290,0.53348,42.8342,241.0519
1323831,10,0.31079,0.31079,0.31131,41.7232,193.6743
1324062,10,0.70325,0.70325,0.70390,43.6139,226.7003
1324509,10,0.21062,0.21062,0.21105,39.9768,0.1539
1324536,10,0.58899,0.58899,0.58955,42.9954,0.2261
1324542,10,0.54154,0.54154,0.54210,42.5301,0.1940
1324544,10,0.52973,0.52973,0.53027,42.2837,0.2456
1324562,10,0.35299,0.35299,0.35349,41.3882,0.1363
1324582,10,0.38185,0.38185,0.38237,41.6090,0.1525
1324685,10,0.54183,0.54183,0.54244,42.4455,0.1472
1324790,10,0.35723,0.35723,0.35775,41.2933,0.1829
1325191,10,0.79810,0.79810,0.79883,43.5735,0.2585
1326273,10,0.56950,0.56949,0.57013,43.6177,238.5706
1326299,10,0.67382,0.67382,0.67448,43.2679,0.1797
1326367,10,0.55797,0.55797,0.55856,42.6888,0.1816
1327978,10,0.20699,0.20699,0.20786,40.0126,0.1572
1328016,10,0.35071,0.35071,0.35167,41.2702,0.1655
1328089,10,0.56864,0.56864,0.56980,42.4081,0.1828
1328103,10,0.57472,0.57472,0.57589,42.7067,0.2066
1328105,10,0.44153,0.44153,0.44259,41.7906,0.1280
1329168,10,0.67651,0.67651,0.67717,42.8358,0.1660
1329312,10,0.34478,0.34478,0.34586,41.2478,0.1043
1329365,10,0.61101,0.61101,0.61230,42.9089,0.1598
1329615,10,0.40360,0.40360,0.40474,41.7302,0.1618
1329622,10,0.48607,0.48607,0.48727,42.1157,0.2411
1329795,10,0.52558,0.52558,0.52669,42.4418,0.1518
1330031,10,0.10563,0.10563,0.10643,38.5616,0.0899
1330339,10,0.57914,0.57914,0.57968,42.6875,0.2197
1330350,10,0.76302,0.76303,0.76374,43.3391,0.1893
1330403,10,0.77650,0.77650,0.77713,43.2924,0.1195
1330530,10,0.33633,0.33633,0.33682,41.1245,0.2335
1330533,10,0.36444,0.36444,0.36495,41.5680,0.1328
1330559,10,0.68131,0.68131,0.68194,43.2630,0.2002
1330642,10,0.63391,0.63391,0.63521,42.6684,0.1477
1330817,10,0.27051,0.27051,0.27144,40.9139,0.1117
1330828,10,0.36705,0.36705,0.36807,41.5061,0.1213
1330903,10,0.56429,0.56429,0.56544,42.6850,0.1452
1330964,10,0.45085,0.45085,0.45140,42.0406,0.1775
1330995,10,0.71827,0.71827,0.71965,43.2738,0.1279
1331123,10,0.22156,0.22157,0.22248,40.3027,0.1143
1331130,10,0.39189,0.39189,0.39292,41.9518,0.2637
1331344,10,0.54993,0.54993,0.55122,42.6496,0.2061
1331513,10,0.40572,0.40572,0.40675,41.7798,0.2143
1331660,10,0.72076,0.72076,0.72139,43.2467,0.1623
1331700,10,0.36025,0.36025,0.36123,42.0530,0.2859
1331707,10,0.65395,0.65395,0.65516,43.1958,0.1424
1331719,10,0.58627,0.58627,0.58740,42.6562,0.2141
1331836,10,0.35667,0.35667,0.35778,41.3565,0.1310
1331883,10,0.61883,0.61882,0.62011,42.9017,0.2306
1331887,10,0.78398,0.78398,0.78539,43.2135,0.1885
1331925,10,0.61496,0.61496,0.61628,42.8169,0.2359
1331976,10,0.55939,0.55939,0.56062,43.4841,186.9078
1331993,10,0.71961,0.71961,0.72100,43.2735,0.2110
1332008,10,0.61156,0.61156,0.61272,43.0032,0.2197
1332392,10,0.51197,0.51197,0.51318,42.5244,0.1969
1332614,10,0.51856,0.51856,0.51917,42.5609,0.1788
1332632,10,0.62320,0.62320,0.62383,42.6145,0.1543
1332689,10,0.48766,0.48766,0.48824,42.3708,0.2046
1332701,10,0.79167,0.79167,0.79232,43.3341,0.1219
1332709,10,0.69371,0.69371,0.69431,43.2600,0.1637
1332721,10,0.42224,0.42224,0.42274,42.1369,0.2072
1332747,10,0.34305,0.34305,0.34357,41.3691,0.2512
1332795,10,0.67984,0.67984,0.68047,43.1699,0.1814
1332819,10,0.34180,0.34180,0.34234,41.1574,0.1493
1333246,10,0.43774,0.43774,0.43879,41.9706,0.2114
1333248,10,0.69396,0.69395,0.69519,42.8784,0.1459
1333291,10,0.36460,0.36460,0.36570,41.2170,0.1647
1333442,10,0.69209,0.69209,0.69344,43.0532,0.2100
1333489,10,0.68179,0.68179,0.68244,43.2265,0.1781
1333576,10,0.58893,0.58893,0.59011,42.5725,0.2897
1333949,10,0.65927,0.65927,0.66047,42.8884,0.1391
1334084,10,0.13349,0.13349,0.13431,39.0086,0.1736
1334087,10,0.26629,0.26628,0.26722,40.5791,0.1094
1334253,10,0.62076,0.62076,0.62135,42.9472,0.2024
1334257,10,0.68005,0.68005,0.68067,42.7998,0.1314
1334265,10,0.58586,0.58586,0.58646,42.7204,0.2177
1334302,10,0.45463,0.45463,0.45570,41.8887,0.1604
1334321,10,0.80326,0.80326,0.80454,43.2824,0.1320
1334423,10,0.35791,0.35791,0.35888,41.4181,0.1638
1334448,10,0.51686,0.51686,0.51812,42.2231,0.2068
1334581,10,0.82736,0.82736,0.82885,43.3761,0.2158
1334597,10,0.28895,0.28895,0.29000,40.7372,0.1142
1334614,10,0.43941,0.43941,0.44056,42.7893,293.0621
1334620,10,0.19624,0.19624,0.19720,39.9442,0.1794
1334644,10,0.28805,0.28805,0.28910,40.7860,0.1195
1334645,10,0.24701,0.24701,0.24800,40.2772,0.1033
1334647,10,0.74333,0.74333,0.74472,43.4320,0.1337
1334654,10,0.30259,0.30259,0.30365,41.9873,8.3962
1334686,10,0.65904,0.65904,0.66040,42.9342,0.1520
1334707,10,0.64922,0.64922,0.64989,42.8551,0.1435
1334742,10,0.52809,0.52809,0.52919,42.5313,0.3196
1334858,10,0.62737,0.62737,0.62800,43.0162,0.2715
1335259,10,0.72701,0.72701,0.72764,43.4734,0.2035
1335305,10,0.33403,0.33403,0.33501,41.5222,0.1610
1335323,10,0.19991,0.19991,0.20081,39.7993,0.1876
1335387,10,0.60582,0.60582,0.60642,42.6028,0.1527
1335432,10,0.42692,0.42692,0.42751,41.9110,0.1221
1335472,10,0.50597,0.50597,0.50705,42.2442,0.1076
1335564,10,0.60619,0.60619,0.60750,42.8117,0.1534
1335585,10,0.60557,0.60557,0.60687,42.8824,0.2117
1335671,10,0.52427,0.52427,0.52480,42.2846,0.1061
1335675,10,0.60735,0.60735,0.60791,42.6746,0.1477
1335717,10,0.30477,0.30477,0.30528,41.1223,0.1694
1335756,10,0.44933,0.44933,0.45038,42.3370,0.2082
1335818,10,0.62253,0.62253,0.62317,42.7287,0.2064
1335854,10,0.57869,0.57869,0.57927,42.5779,0.1844
1335885,10,0.39932,0.39932,0.39982,41.7329,0.2279
1336002,10,0.39496,0.39496,0.39600,40.9359,0.2146
1336008,10,0.43764,0.43764,0.43867,41.6118,0.1456
1336009,10,0.34175,0.34175,0.34270,41.2635,0.2309
1336150,10,0.34810,0.34810,0.34905,41.7049,0.2434
1336244,10,0.56493,0.56493,0.56608,42.8987,0.2598
1336359,10,0.42821,0.42821,0.42938,42.2771,0.2663
1336384,10,0.58306,0.58306,0.58439,42.7375,0.1859
1336453,10,0.18492,0.18492,0.18579,39.8687,0.1015
1336454,10,0.29256,0.29256,0.29350,41.8729,17.3012
1336464,10,0.38732,0.38732,0.38834,41.6577,0.1878
1336480,10,0.25604,0.25604,0.25695,40.6715,0.1393
1336558,10,0.46760,0.46760,0.46865,42.0296,0.1851
1336599,10,0.67747,0.67747,0.67813,42.9301,0.7368
1336662,10,0.18156,0.18156,0.18200,39.7297,0.1655
1336687,10,0.23380,0.23380,0.23480,40.2147,0.1908
1336693,10,0.64795,0.64795,0.64929,42.7682,0.1164
1336925,10,0.64997,0.64997,0.65056,42.8132,0.1800
1336942,10,1.02582,1.02582,1.02661,44.0472,0.2354
1336953,10,0.60013,0.60013,0.60141,42.7065,0.1940
1336957,10,0.82961,0.82961,0.83031,43.4247,0.1574
1336975,10,0.11048,0.11048,0.11088,38.1464,0.1338
1337228,10,0.57741,0.57741,0.57858,42.8020,0.2217
1337267,10,0.45318,0.45318,0.45439,41.9590,0.2626
1337272,10,0.50275,0.50275,0.50400,42.3316,0.1680
1337311,10,0.42131,0.42131,0.42250,41.9157,0.1513
1337321,10,0.56258,0.56258,0.56389,42.4986,0.1367
1337541,10,1.05479,1.05479,1.05561,43.9487,0.2055
1337549,10,0.74877,0.74877,0.74939,43.4491,0.1569
1337649,10,0.26150,0.26150,0.26238,40.4557,0.1513
1337687,10,0.32869,0.32869,0.32917,41.1467,0.1124
1337703,10,0.53225,0.53225,0.53281,42.0715,0.1214
1337838,10,0.31194,0.31194,0.31300,41.0380,0.1238
1337971,10,0.41066,0.41066,0.41166,42.2028,0.2235
1338128,10,0.31184,0.31184,0.31280,41.1236,0.1497
1338170,10,0.38676,0.38676,0.38780,41.6203,0.1750
1338223,10,0.59952,0.59952,0.60072,42.6396,0.1818
1338233,10,0.60148,0.60148,0.60279,42.9102,0.1798
1338266,10,0.64845,0.64845,0.64980,43.0930,0.1327
1338278,10,0.56430,0.56430,0.56560,42.5164,0.1550
1338288,10,0.13840,0.13840,0.13936,39.9608,191.5557
1338324,10,0.42602,0.42602,0.42719,42.1257,0.2224
1338430,10,0.51717,0.51717,0.51830,42.1437,0.1018
1338471,10,0.53116,0.53116,0.53228,42.6231,0.1869
1338485,10,0.58466,0.58466,0.58582,42.7348,0.1394
1338649,10,0.61327,0.61327,0.61443,43.1125,0.1972
1338665,10,0.72062,0.72062,0.72199,43.2946,0.2079
1338675,10,0.33047,0.33047,0.33153,41.2217,0.1805
1338718,10,0.73306,0.73306,0.73429,43.4108,0.1273
1338749,10,0.85806,0.85806,0.85956,43.4207,0.2381
1338762,10,0.42054,0.42054,0.42108,41.7653,0.1361
1338849,10,0.62002,0.62002,0.62065,42.8993,0.1679
1338940,10,0.77334,0.77334,0.77404,43.6157,0.2350
1338959,10,0.46167,0.46167,0.46283,41.8898,0.1222
1339002,10,0.30251,0.30251,0.30356,40.9550,0.1791
1339102,10,0.64795,0.64795,0.64929,43.2292,0.1464
1339149,10,0.46879,0.46879,0.46998,41.9990,0.1522
1339176,10,0.92537,0.92537,0.92613,44.5882,0.3336
1339217,10,0.33191,0.33191,0.33245,41.0447,0.2523
1339220,10,0.59992,0.59992,0.60052,42.8805,0.1817
1339227,10,0.82081,0.82081,0.82152,43.5000,0.1478
1339232,10,0.96859,0.96859,0.96937,43.6767,0.1466
1339246,10,0.95791,0.95791,0.95867,44.5302,0.2619
1339276,10,0.96363,0.96363,0.96519,43.7094,0.1426
1339291,10,0.81791,0.81790,0.81924,43.8419,0.1387
1339327,10,0.77250,0.77250,0.77378,43.4162,0.1420
1339371,10,0.63581,0.63581,0.63699,43.2292,0.2773
1339392,10,0.18148,0.18148,0.18191,39.3650,0.1026
1339402,10,0.36538,0.36538,0.36587,42.5239,90.3310
1339425,10,0.53579,0.53579,0.53633,42.6471,0.2188
1339609,10,1.12132,1.12132,1.12212,44.1909,0.1090
1339702,10,0.25616,0.25616,0.25710,40.6799,0.1757
1339703,10,0.49272,0.49272,0.49383,42.0401,0.1499
1339716,10,0.45682,0.45682,0.45791,41.9146,0.2146
1339730,10,0.44881,0.44881,0.44990,41.1784,226.8607
1339756,10,0.27539,0.27539,0.27633,40.7217,0.1136
1339875,10,0.45944,0.45944,0.46064,41.8991,0.1248
1339909,10,0.75153,0.75153,0.75300,43.5874,0.1821
1340125,10,0.65134,0.65134,0.65254,43.2211,0.2003
1340132,10,0.60943,0.60943,0.61054,42.8181,0.1793
1340141,10,0.65405,0.65405,0.65523,43.0926,0.1442
1340253,10,0.69261,0.69261,0.69380,43.0471,0.1542
1340460,10,0.63779,0.63779,0.63843,42.9166,0.1648
1340470,10,0.58057,0.58057,0.58187,42.6554,0.1493
1340493,10,0.71719,0.71719,0.71784,43.1506,0.1575
1340521,10,0.65356,0.65356,0.65415,43.0201,0.1374
1340539,10,0.44766,0.44766,0.44820,42.0813,0.1608
1340700,10,0.32550,0.32550,0.32657,41.0323,0.1826
1340706,10,0.29323,0.29323,0.29425,40.9229,0.1963
1340751,10,0.66480,0.66480,0.66614,43.7249,269.0213
1340954,10,0.30517,0.30517,0.30566,40.8642,0.1458
1341000,10,0.54203,0.54203,0.54259,42.4035,0.1913
1341227,10,0.83036,0.83036,0.83108,43.4494,0.1369
1341271,10,0.82584,0.82584,0.82656,43.5692,0.1875
1341370,10,0.40900,0.40900,0.41000,41.7787,0.1967
1341423,10,0.59710,0.59710,0.59825,42.4641,0.1441
1341426,10,0.55321,0.55321,0.55432,42.5910,0.1981
1341459,10,0.52219,0.52219,0.52341,42.1108,0.1337
1341502,10,0.51064,0.51064,0.51185,42.3613,0.1593
1341556,10,0.71584,0.71584,0.71721,43.4174,0.1496
1341743,10,0.68422,0.68422,0.68487,43.0160,0.1664
1341823,10,0.55032,0.55032,0.55093,42.6925,0.2689
1341857,10,0.50314,0.50314,0.50373,42.3896,0.2055
1341894,10,0.31293,0.31293,0.31401,41.0622,0.1362
1342255,10,0.21885,0.21885,0.21976,40.0569,0.1111
1342580,10,0.87472,0.87472,0.87622,43.3942,0.1744
1342647,10,0.51618,0.51618,0.51725,42.3384,0.2005
1342707,10,0.65243,0.65243,0.65375,42.9977,0.1329
1342778,10,0.40457,0.40457,0.40557,41.4950,252.2860
1342810,10,0.70093,0.70093,0.70232,43.4289,0.1886
1342906,10,0.49743,0.49743,0.49800,41.9505,0.1270
1343208,10,0.49500,0.49500,0.49558,42.1028,0.1552
1343337,10,0.33899,0.33899,0.33947,41.1106,0.2399
1343401,10,0.38283,0.38283,0.38397,41.4404,0.1686
1343533,10,0.36843,0.36843,0.36947,41.6318,0.1841
1343542,10,0.78512,0.78512,0.78644,43.0376,0.1282
1343759,10,0.50617,0.50617,0.50677,42.1674,0.1335
1343871,10,0.63786,0.63786,0.63900,42.9078,0.1580
1344303,10,0.09394,0.09394,0.09475,38.3222,0.2234
1344347,10,0.26361,0.26361,0.26453,40.7134,0.1323
1344355,10,0.24448,0.24448,0.24540,40.4147,0.1874
1344598,10,0.69609,0.69609,0.69735,43.2646,0.1523
1344639,10,0.36672,0.36672,0.36770,41.4734,0.1411
1345441,10,0.71467,0.71467,0.71536,43.4006,0.2960
1345458,10,0.56872,0.56872,0.56932,42.6056,0.1929
1345553,10,0.31794,0.31794,0.31902,41.1851,0.1258
1346137,10,0.36326,0.36326,0.36379,41.3484,0.1760
1346139,10,0.50323,0.50323,0.50379,42.4500,0.1992
1346149,10,0.58434,0.58434,0.58493,42.7086,0.1807
1346627,10,0.68193,0.68193,0.68257,42.9946,0.1616
1346628,10,0.53191,0.53191,0.53253,42.3492,0.2069
1346758,10,0.49650,0.49650,0.49770,42.3360,0.2168
1346956,10,0.33352,0.33352,0.33400,41.1717,0.1538
1346966,10,0.33513,0.33513,0.33558,41.1325,0.1266
1347112,10,0.79318,0.79318,0.79389,43.3185,0.2333
1347766,10,0.62889,0.62889,0.63022,43.0158,0.2879
1366175,10,0.40462,0.40462,0.40561,41.7519,0.2309
1366187,10,0.46290,0.46290,0.46406,42.1406,0.1437
1366195,10,0.55313,0.55313,0.55439,42.2978,0.1251
1366280,10,0.73167,0.73167,0.73234,43.0246,0.2312
1366436,10,0.23955,0.23954,0.24000,40.4557,0.1087
1366475,10,0.45546,0.45546,0.45596,42.0309,0.1453
1366482,10,0.32154,0.32154,0.32206,41.2472,0.1311
1366690,10,0.27119,0.27119,0.27223,40.7836,0.1349
1367180,10,0.80342,0.80342,0.80489,43.3949,0.1586
1367234,10,0.25173,0.25173,0.25278,40.5564,0.1256
1367331,10,0.44684,0.44684,0.44793,42.0212,0.1190
1367408,10,0.54306,0.54306,0.54366,42.5924,0.1540
1367556,10,0.45115,0.45115,0.45235,41.8944,0.1277
1367571,10,0.43311,0.43311,0.43428,41.7480,0.1427
1368111,10,0.55095,0.55095,0.55205,42.3216,0.1344
1368131,10,0.30694,0.30694,0.30800,40.9391,0.0975
1368133,10,0.27618,0.27618,0.27720,40.7496,0.2435
1368143,10,0.42348,0.42348,0.42463,41.7279,0.1496
1368188,10,0.24003,0.24003,0.24050,40.4207,0.1041
1368482,10,0.50847,0.50847,0.50967,42.4130,0.1764
1368530,10,0.34224,0.34224,0.34336,41.4577,0.1663
1370113,10,0.65553,0.65553,0.65674,42.8766,0.1431
1370135,10,0.51615,0.51615,0.51724,42.5078,0.1915
1370181,10,0.69310,0.69310,0.69446,43.1421,0.1897
1370247,10,0.66882,0.66882,0.67022,43.0251,0.1270
1370308,10,0.62863,0.62863,0.62927,42.9890,0.2297
1370320,10,0.33070,0.33070,0.33165,41.2529,0.1263
1370391,10,0.65692,0.65692,0.65749,42.8095,0.1436
1370402,10,0.64766,0.64766,0.64833,42.8663,0.1527
1370441,10,0.93733,0.93733,0.93806,43.8419,0.1512
1370806,10,0.58895,0.58895,0.58950,42.9043,0.1839
1370898,10,0.65069,0.65069,0.65193,43.1487,0.1746
1370906,10,0.61842,0.61842,0.61963,43.4554,0.2648
1370944,10,0.50947,0.50947,0.51057,42.2675,0.1383
1371022,10,0.29082,0.29082,0.29178,40.9380,0.1355
1371046,10,0.07333,0.07334,0.07411,37.5773,0.2013
1371048,10,0.34392,0.34392,0.34489,41.2159,0.1564
1371111,10,0.88352,0.88352,0.88500,43.6498,0.1505
1371126,10,0.21601,0.21601,0.21648,40.2435,0.0934
1371206,10,0.52779,0.52779,0.52839,42.4239,0.1512
1372115,10,0.89842,0.89842,0.89915,43.9894,0.2041
1373028,10,0.25517,0.25517,0.25617,40.3392,0.1112
1373040,10,0.26162,0.26162,0.26262,40.6008,0.1340
1373042,10,0.23720,0.23720,0.23820,40.4828,0.1215
1373123,10,0.69879,0.69879,0.70020,43.3463,0.1444
1375087,10,0.62952,0.62952,0.63016,43.0122,0.1724
1376168,10,0.49239,0.49239,0.49348,42.3312,0.1695
1377086,10,0.33115,0.33115,0.33213,42.1888,155.8961
1380034,10,0.62935,0.62935,0.63065,43.5939,202.2987
1380167,10,0.75331,0.75331,0.75399,43.1475,0.1828
1385052,10,0.80107,0.80106,0.80250,43.5870,0.1667
1385187,10,0.52212,0.52212,0.52319,42.2723,0.1704
1386047,10,0.49181,0.49181,0.49300,42.2651,0.1503
1387101,10,0.48092,0.48092,0.48200,42.0138,0.1398
1387162,10,0.61750,0.61750,0.61809,43.1997,0.1985
1387174,10,0.69841,0.69842,0.69900,42.9273,0.1291
1389074,10,0.50285,0.50285,0.50390,42.2330,0.1621
1389177,10,0.44895,0.44895,0.44945,42.1318,0.1711
1389210,10,0.54865,0.54865,0.54921,42.4926,0.1324
1390164,10,0.45102,0.45102,0.45154,41.9960,209.9417
1390173,10,0.65875,0.65875,0.65938,43.1839,0.1807
1390343,10,0.89117,0.89117,0.89270,43.6073,0.1357
1391191,10,0.65069,0.65069,0.65126,43.3267,0.1945
1392367,10,0.59349,0.59349,0.59463,43.0591,0.2237
1392400,10,0.45205,0.45205,0.45258,41.9972,0.1568
1395159,10,0.95690,0.95690,0.95845,44.2804,0.1905
1397029,10,0.35942,0.35942,0.35991,42.5951,168.1352
1400026,10,0.70961,0.70961,0.71027,43.0684,0.1678
1402076,10,0.89611,0.89611,0.89762,43.9358,204.1358
1403033,10,0.47435,0.47435,0.47539,42.4238,0.1937
1408024,10,0.40228,0.40228,0.40330,41.4904,0.1698
1408068,10,0.42713,0.42713,0.42828,41.8764,0.2224
1409129,10,0.79364,0.79364,0.79436,43.3170,0.1935
1411114,10,0.83706,0.83706,0.83777,43.6747,0.1504
1413048,10,0.61122,0.61122,0.61185,42.7865,0.2397
1420185,10,0.64453,0.64453,0.64519,43.0151,0.2198
1430116,10,1.02144,1.02144,1.02222,44.0951,0.1868
1430136,10,0.41235,0.41235,0.41337,41.8259,0.1806
1430255,10,0.65806,0.65806,0.65938,42.8266,0.1502
1431064,10,0.39494,0.39494,0.39596,41.7467,0.1650
1431072,10,0.42267,0.42267,0.42373,42.0809,0.2521
1431096,10,0.47680,0.47680,0.47786,42.1155,0.1727
1431108,10,0.61052,0.61052,0.61115,42.6684,0.1530
1431163,10,0.36711,0.36711,0.36812,41.4065,0.1180
1432017,10,0.34579,0.34579,0.34627,41.3891,0.2134
1432026,10,0.15011,0.15011,0.15055,39.5647,0.1752
1432027,10,0.35039,0.35039,0.35088,41.2373,0.1796
1432078,10,0.54471,0.54471,0.54586,43.0127,0.2001
1432102,10,0.71803,0.71803,0.71926,43.0805,0.1817
1432141,10,0.56489,0.56489,0.56600,42.8422,0.1829
1433040,10,0.71949,0.71949,0.72012,42.9720,0.1434
1433108,10,0.68283,0.68283,0.68403,43.3071,0.1590
1433114,10,0.68437,0.68438,0.68506,43.0222,0.2317
1433226,10,0.59619,0.59618,0.59750,42.7003,0.2069
1434201,10,0.26317,0.26317,0.26423,41.8051,300.0360
1434203,10,0.37567,0.37567,0.37680,41.3692,0.1646
1434248,10,0.23734,0.23734,0.23835,40.3323,0.1393
1434258,10,0.66195,0.66195,0.66260,43.0103,0.1952
1434262,10,0.78964,0.78964,0.79106,43.2863,0.1378
1435033,10,0.58040,0.58040,0.58096,42.8082,0.1745
1435067,10,0.39136,0.39136,0.39235,41.5534,0.1616
1435094,10,1.01700,1.01700,1.01778,43.8769,0.1463
1439028,10,0.55424,0.55424,0.55550,42.3852,0.1630
1440057,10,0.51228,0.51228,0.51352,42.3190,0.1424
1442085,10,0.63355,0.63355,0.63476,43.0525,0.1887
1443078,10,0.61096,0.61096,0.61215,43.1341,0.1826
1444028,10,0.55372,0.55372,0.55484,42.5786,0.1700
1447133,10,0.36540,0.36540,0.36593,41.4596,0.2025
1447146,10,1.00009,1.00009,1.00089,44.2028,0.3157
1448122,10,0.57688,0.57688,0.57752,42.6711,0.1631
1449074,10,0.33185,0.33186,0.33234,41.2449,0.1170
1449102,10,0.69830,0.69830,0.69896,43.2791,0.2422
1449115,10,0.86674,0.86674,0.86746,43.6718,0.2335
1450026,10,0.35831,0.35831,0.35926,41.5992,0.1229
1450127,10,0.60009,0.60009,0.60139,42.7653,0.1792
1450148,10,0.44736,0.44736,0.44845,41.9660,0.1669
1452059,10,0.56420,0.56420,0.56550,42.4672,0.1928
1456020,10,0.88189,0.88189,0.88340,44.0070,0.2593
1457019,10,0.45403,0.45403,0.45518,42.7109,8.1350
1457045,10,0.28848,0.28848,0.28956,41.7312,142.2750
1466032,10,0.57606,0.57606,0.57717,42.5277,0.1672
1469040,10,0.32670,0.32670,0.32764,41.2042,0.1388
1470063,10,0.53547,0.53547,0.53605,42.6916,0.2833
1472020,10,0.53112,0.53112,0.53169,42.3827,0.2290
1473025,10,0.64649,0.64649,0.64709,42.8714,0.1761
1473027,10,0.50566,0.50566,0.50617,42.2081,0.1447
1474020,10,0.54148,0.54148,0.54211,42.3890,0.2221
1479069,10,0.17267,0.17267,0.17353,39.5855,0.0920
1479130,10,0.86240,0.86240,0.86390,43.5172,0.2419
1480038,10,0.33423,0.33423,0.33530,41.2295,0.1254
1484053,10,0.46322,0.46322,0.46427,41.8297,0.1357
1487043,10,0.69226,0.69226,0.69363,42.9348,0.1658
1487055,10,0.58196,0.58196,0.58308,42.8644,0.2121
1488029,10,0.47833,0.47833,0.47938,41.8991,0.1520
1488098,10,0.75076,0.75076,0.75217,43.2224,0.1727
1490034,10,0.53002,0.53002,0.53058,42.6795,0.1934
1495047,10,0.41097,0.41097,0.41152,41.7892,0.1102
1500031,10,0.36606,0.36606,0.36704,41.5767,0.1357
1500076,10,0.59892,0.59892,0.60024,42.6697,0.1568
1500086,10,0.64130,0.64129,0.64266,42.7437,0.1503
1501075,10,0.38374,0.38373,0.38474,41.2178,259.7160
1501097,10,0.43587,0.43587,0.43707,41.8010,0.1272
1501131,10,0.85239,0.85239,0.85389,43.9150,0.2948
1501158,10,0.58049,0.58049,0.58162,42.8278,0.3578
1502029,10,0.51797,0.51797,0.51921,42.2286,0.1234
1502065,10,0.27316,0.27316,0.27405,40.7313,0.1227
1502132,10,0.80181,0.80181,0.80326,43.5738,0.2226
1503024,10,0.27694,0.27694,0.27798,40.9250,0.1267
1504096,10,0.50582,0.50582,0.50709,42.4181,0.2295
1504139,10,0.55644,0.55644,0.55708,42.4194,0.1175
1508029,10,0.85279,0.85279,0.85350,43.5814,0.2573
1509040,10,0.68507,0.68507,0.68629,43.0424,0.1669
1511024,10,0.37178,0.37178,0.37280,41.4006,0.2478
1512067,10,0.45394,0.45394,0.45444,42.1279,0.2449
1512101,10,0.56872,0.56872,0.57000,42.4554,0.1174
1514043,10,0.52706,0.52706,0.52831,42.4340,0.3270
1514059,10,0.52427,0.52427,0.52480,42.8195,0.2626
1516019,10,0.42436,0.42436,0.42539,42.0120,0.1688
1519027,10,0.51404,0.51404,0.51525,42.5963,0.2286
1519038,10,0.11948,0.11948,0.11992,38.2154,0.1805
1528034,10,0.63890,0.63890,0.64009,42.9270,0.1821
1530098,10,0.54758,0.54758,0.54873,43.0902,200.1382
1530120,10,0.40467,0.40467,0.40584,41.6481,175.3365
1530191,10,0.55584,0.55584,0.55710,42.7254,0.2043
1531033,10,0.60888,0.60888,0.61002,42.9900,0.2243
1531078,10,0.67713,0.67713,0.67847,43.2550,0.1360
1531089,10,0.29149,0.29149,0.29241,40.7593,0.1208
1531108,10,0.34387,0.34387,0.34500,41.3477,0.1768
1531112,10,0.33470,0.33470,0.33582,41.2757,0.1238
1531113,10,0.45694,0.45694,0.45817,42.2699,0.2041
1531145,10,0.45675,0.45675,0.45793,42.1662,0.2280
1532056,10,0.47273,0.47273,0.47379,42.1170,0.1946
1532057,10,0.50397,0.50397,0.50504,42.2601,0.1268
1533035,10,0.58117,0.58117,0.58247,42.7936,0.1808
1533036,10,0.65325,0.65325,0.65446,43.3552,0.1935
1534078,10,0.61224,0.61224,0.61356,42.7199,0.1800
1535064,10,0.80078,0.80078,0.80220,43.7069,0.1946
1536021,10,0.53410,0.53410,0.53524,42.3993,0.1833
1536026,10,0.44129,0.44129,0.44236,42.1148,0.2177
1536028,10,0.45115,0.45115,0.45221,42.0849,0.1338
1536112,10,0.75888,0.75888,0.75956,43.3504,0.1582
1537020,10,0.40597,0.40597,0.40697,41.8405,0.1482
1537077,10,0.74450,0.74450,0.74518,43.1240,0.2202
1538019,10,0.29069,0.29069,0.29162,40.9015,0.1076
1547048,10,0.54454,0.54454,0.54579,42.2587,0.1507
1547071,10,0.29911,0.29911,0.29961,40.9215,0.2005
1547086,10,0.27578,0.27578,0.27627,41.0005,0.2428
1548070,10,0.67651,0.67651,0.67716,43.0756,0.1827
1549078,10,0.60558,0.60558,0.60616,42.7734,0.2236
1550021,10,0.20587,0.20587,0.20676,39.9564,0.1748
1550103,10,0.53166,0.53166,0.53223,42.5044,0.1803
1551020,10,0.46283,0.46283,0.46394,41.9664,0.1653
1551083,10,0.80301,0.80301,0.80373,43.5748,0.2197
1551108,10,0.86647,0.86647,0.86800,44.1243,0.2465
1552028,10,0.45180,0.45180,0.45300,42.0108,0.1123
1552143,10,0.75991,0.75991,0.76058,43.2815,0.1362
1555053,10,0.73072,0.73072,0.73139,43.2856,0.1498
1559048,10,0.98000,0.98000,0.98157,44.1028,0.1992
1559051,10,0.70510,0.70510,0.70648,43.0906,0.1547
1559124,10,0.65253,0.65253,0.65311,42.7954,0.1460
1559147,10,0.63231,0.63231,0.63360,42.7112,0.1957
1559178,10,0.43550,0.43550,0.43651,42.4537,0.3371
1560034,10,0.26891,0.26891,0.26982,40.7588,0.1779
1560099,10,0.68006,0.68006,0.68072,43.1798,0.2202
1562077,10,0.47842,0.47842,0.47898,42.1525,0.1190
1562098,10,0.57618,0.57618,0.57747,42.6011,0.1343
1563063,10,0.71552,0.71552,0.71612,43.2139,0.1660
1564017,10,0.65792,0.65792,0.65916,42.9869,0.1588
1565032,10,0.46097,0.46097,0.46219,42.3328,0.1492
1566028,10,0.32059,0.32059,0.32165,41.0662,0.1448
1567044,10,0.42273,0.42273,0.42324,41.7451,0.1687
1569050,10,0.32988,0.32988,0.33086,41.0865,0.2014
1570024,10,0.55064,0.55064,0.55123,42.3980,0.1228
1574017,10,0.53287,0.53287,0.53399,42.5212,0.1360
1574019,10,0.60433,0.60433,0.60551,42.4576,0.1120
1574028,10,0.65589,0.65589,0.65712,43.1101,0.1903
1574062,10,0.55020,0.55020,0.55144,42.7566,0.1468
1574104,10,0.27304,0.27304,0.27399,40.7436,0.1168
1575019,10,0.65214,0.65214,0.65338,42.8030,0.1540
1575072,10,0.59028,0.59028,0.59156,42.6902,0.1324
1576034,10,0.76675,0.76675,0.76800,43.5761,0.1349
1578063,10,0.64298,0.64298,0.64434,43.2969,0.1638
1578103,10,0.16008,0.16008,0.16092,39.3979,0.1623
1579110,10,0.62217,0.62217,0.62336,42.9684,0.1826
1579146,10,0.80325,0.80325,0.80472,43.3974,0.1471
1581017,10,0.83813,0.83813,0.83888,43.7500,0.2293
1581048,10,0.40194,0.40194,0.40244,41.5976,0.1386
1588019,10,0.68766,0.68766,0.68831,42.9400,0.1673
1590044,10,0.62931,0.62931,0.63048,42.9160,0.1434
1590122,10,0.77952,0.77952,0.78017,43.3681,0.1247
1590133,10,0.69362,0.69362,0.69426,43.4297,0.2780
1592028,10,0.32510,0.32510,0.32608,41.1459,0.1429
1592067,10,0.69191,0.69191,0.69314,43.0303,0.1277
1593067,10,0.34776,0.34776,0.34822,41.6040,0.2062
1594042,10,0.61981,0.61981,0.62112,42.9545,0.1490
1595028,10,0.46523,0.46523,0.46641,42.1918,0.2060
1595110,10,0.59269,0.59269,0.59325,42.6991,0.1622
1595118,10,0.90941,0.90941,0.91014,43.4955,0.1810
1595127,10,0.56740,0.56740,0.56799,42.6946,0.1268
1596033,10,0.46937,0.46937,0.47043,42.5532,0.2520
1598039,10,0.62292,0.62292,0.62354,42.9208,0.1985
1599030,10,0.36774,0.36774,0.36872,41.1103,0.1101
1600036,10,0.81396,0.81396,0.81530,43.6290,0.1610
1602033,10,0.60967,0.60967,0.61096,42.7694,0.1443
1617030,10,0.73615,0.73615,0.73681,43.1709,0.2569
1617068,10,0.93075,0.93075,0.93230,43.8407,0.1804
1618036,10,0.39216,0.39216,0.39319,41.6674,0.1334
1618042,10,0.42893,0.42893,0.42950,41.9796,0.1140
1620051,10,0.38252,0.38251,0.38353,41.3956,0.2243
1625037,10,0.31863,0.31863,0.31956,41.1335,0.1323
1625059,10,0.59279,0.59279,0.59391,42.8527,0.1806
1632070,10,0.42513,0.42513,0.42627,42.1359,0.2396
1634024,10,0.57629,0.57629,0.57760,42.7007,0.1656
1635042,10,0.55833,0.55833,0.55948,42.3750,0.1188
1636043,10,0.53944,0.53944,0.54055,42.5073,0.1300
1636093,10,0.47782,0.47782,0.47891,42.2306,0.2071
1638030,10,0.37136,0.37136,0.37235,41.4496,0.1432
1639025,10,0.66190,0.66190,0.66310,42.9120,0.1226
1640083,10,0.58059,0.58059,0.58172,43.2161,293.2289
1641173,10,0.44364,0.44364,0.44480,42.2561,0.2006
1641279,10,0.22398,0.22398,0.22490,40.1997,0.1113
1641288,10,0.54529,0.54529,0.54642,42.4853,0.1711
1641368,10,0.60706,0.60706,0.60833,42.9774,0.2157
1642117,10,0.81237,0.81237,0.81384,43.4823,0.1925
1642138,10,0.65971,0.65971,0.66033,42.9849,0.1531
1642158,10,0.68700,0.68700,0.68826,43.0922,0.1401
1642178,10,0.68673,0.68673,0.68740,42.9382,0.1680
1643063,10,0.57188,0.57188,0.57319,42.9815,0.2063
1643213,10,0.65526,0.65526,0.65590,43.0253,0.1859
1643292,10,0.49183,0.49183,0.49292,42.3261,0.2115
1643312,10,0.34037,0.34037,0.34083,41.1208,0.1933
1643313,10,0.39044,0.39044,0.39093,41.6397,0.1664
1643316,10,0.54894,0.54894,0.54950,42.2831,3.0425
1643338,10,0.56788,0.56788,0.56915,42.7713,0.1737
1644061,10,0.61287,0.61287,0.61349,42.5096,0.1986
1644163,10,0.56202,0.56202,0.56317,42.8645,0.1822
1644180,10,0.61154,0.61154,0.61220,42.8242,0.1522
1644211,10,0.45743,0.45743,0.45849,42.1651,0.1681
1644213,10,0.54509,0.54509,0.54622,42.4271,0.1590
1644290,10,0.53730,0.53730,0.53786,42.4079,0.1552
1645092,10,0.51337,0.51338,0.51459,42.6800,0.2319
1645125,10,0.44419,0.44419,0.44537,41.9830,0.1555
1645145,10,0.82627,0.82627,0.82775,43.6678,0.1680
1645158,10,0.36048,0.36048,0.36097,41.3133,0.1755
1645195,10,0.52580,0.52580,0.52692,42.4014,0.1350
1645208,10,0.69516,0.69516,0.69581,43.1412,0.1697
1646092,10,0.72070,0.72070,0.72130,43.4098,0.1753
1646094,10,0.59237,0.59237,0.59293,43.1448,0.2390
1647048,10,0.70882,0.70882,0.71023,43.0900,0.1295
1650024,10,0.30994,0.30994,0.31102,41.1536,0.1451
1652139,10,0.78266,0.78266,0.78334,43.4268,0.1849
1653101,10,0.33000,0.33000,0.33050,41.2787,0.1965
1654105,10,0.56271,0.56271,0.56331,42.2911,0.1444
1655086,10,0.42781,0.42781,0.42839,41.8727,0.1407
1659122,10,0.51872,0.51872,0.51927,42.0816,0.2547
1660018,10,0.43435,0.43435,0.43550,41.6251,0.2086
1662023,10,0.31268,0.31268,0.31374,40.8849,0.1135
1673068,10,0.52779,0.52779,0.52838,42.4131,0.1434
1673097,10,0.59851,0.59851,0.59963,42.6789,0.2462
1674022,10,0.60262,0.60262,0.60394,42.5340,0.1573
1682020,10,0.21924,0.21924,0.22015,39.9707,0.1101
1692030,10,0.73802,0.73802,0.73942,42.8892,0.2158
1697026,10,0.26046,0.26046,0.26146,40.8606,0.2421
1699061,10,0.53572,0.53572,0.53629,42.4647,0.2141
1699105,10,0.46590,0.46590,0.46642,42.1545,0.2034
1700105,10,0.76518,0.76518,0.76588,43.2070,288.9836
1700109,10,0.74119,0.74119,0.74189,43.4553,0.2390
1701055,10,0.26396,0.26396,0.26446,41.0381,0.1533
1701088,10,0.72403,0.72403,0.72463,43.1694,0.1610
1702083,10,0.38884,0.38884,0.38932,41.6156,0.1476
1702096,10,0.38809,0.38809,0.38860,41.8190,0.2646
1702112,10,0.47547,0.47547,0.47603,41.9462,0.1423
1703026,10,0.36390,0.36390,0.36491,41.5171,0.1582
1703072,10,0.49417,0.49417,0.49475,41.8604,0.1728
1718059,10,0.24642,0.24642,0.24690,42.3029,147.5353
1719037,10,0.40746,0.40746,0.40795,41.6971,0.2108
1721068,10,0.29376,0.29376,0.29425,40.9177,0.1775
1723034,10,0.33784,0.33784,0.33833,41.3806,0.1780
1770206,10,0.58411,0.58411,0.58524,42.4369,0.1575
1770225,10,0.58074,0.58074,0.58200,42.7603,0.1953
1770254,10,0.73480,0.73480,0.73620,43.2850,0.2288
1770386,10,0.36795,0.36795,0.36892,41.4621,0.1196
1770442,10,0.34578,0.34578,0.34691,41.2956,0.1494
1770487,10,0.53644,0.53644,0.53770,42.0703,0.4032
1770680,10,0.60911,0.60911,0.61041,42.6072,0.1422
1770702,10,0.33847,0.33846,0.33943,40.8294,0.2436
1773049,10,0.35023,0.35023,0.35118,41.3287,0.1099
1773078,10,0.27142,0.27142,0.27235,40.6213,0.1167
1773189,10,0.57744,0.57744,0.57870,42.7886,0.2715
1773237,10,0.39186,0.39186,0.39290,41.5957,0.1835
1773339,10,0.28417,0.28417,0.28509,41.9936,3.8798
1774102,10,0.31626,0.31626,0.31733,40.9444,0.0998
1776304,10,0.45410,0.45410,0.45517,41.8232,0.2060
1776329,10,0.42445,0.42445,0.42548,41.5285,0.2248
1777122,10,0.45429,0.45429,0.45551,41.9163,0.1857
1777124,10,0.30743,0.30743,0.30853,41.3654,0.1675
1780045,10,0.24283,0.24283,0.24326,40.5423,0.1085
1780122,10,0.50987,0.50987,0.51096,41.8517,0.1545
1780287,10,0.52494,0.52494,0.52620,42.2082,0.1626
1782065,10,0.20173,0.20173,0.20216,39.8284,0.1001
1783052,10,0.47852,0.47852,0.47960,42.6761,0.2524
1784110,10,0.45993,0.45993,0.46114,42.0780,0.1689
1790098,10,0.39298,0.39298,0.39400,41.6196,0.1343
1791048,10,0.21094,0.21094,0.21139,39.9438,0.1409
1791116,10,0.31193,0.31193,0.31286,41.0453,0.1278
1792093,10,0.27659,0.27659,0.27761,40.8311,0.0928
1795052,10,0.67924,0.67924,0.68058,42.7941,0.1610
1797044,10,0.46670,0.46670,0.46789,42.3848,0.1825
1810037,10,0.49650,0.49650,0.49761,42.3092,0.2430
1810087,10,0.55943,0.55943,0.55997,42.5890,0.2086
1810236,10,0.42926,0.42926,0.42981,41.7864,0.2636
1810306,10,0.64130,0.64130,0.64245,42.9696,0.1676
1811099,10,0.49007,0.49007,0.49058,42.6343,0.2066
1811128,10,0.92457,0.92457,0.92613,44.0256,0.1725
1814082,10,0.64849,0.64849,0.64981,42.8382,0.1670
1815065,10,0.13537,0.13537,0.13617,38.8522,0.1722
1817265,10,0.87998,0.87998,0.88074,44.2321,0.5177
1817269,10,0.53009,0.53009,0.53070,42.3883,0.1592
1826039,10,0.83916,0.83916,0.83988,43.5363,0.2368
1833067,10,0.55577,0.55577,0.55688,42.3552,0.1867
1833321,10,0.62480,0.62480,0.62542,42.9705,0.1990
1833339,10,0.13051,0.13051,0.13092,38.8982,0.1129
1833468,10,0.78375,0.78375,0.78516,43.5457,0.4170
1833564,10,0.65461,0.65461,0.65526,42.9368,0.2281
1834104,10,0.23928,0.23928,0.23972,40.3914,0.1033
1835110,10,0.34550,0.34550,0.34598,41.2676,0.1088
1837071,10,0.12913,0.12913,0.12995,41.1930,343.0536
1837096,10,0.37937,0.37937,0.37987,41.6456,0.1814
1839117,10,0.60674,0.60674,0.60800,42.7160,0.1576
1840041,10,0.23891,0.23891,0.23993,40.4033,0.1388
1842087,10,1.08349,1.08349,1.08430,44.3440,0.1505
1847028,10,0.58021,0.58021,0.58138,42.5149,0.1592
1847079,10,0.33041,0.33041,0.33134,41.0057,0.1927
1847100,10,0.37890,0.37890,0.38000,41.4905,0.1393
1847148,10,0.50631,0.50631,0.50740,42.3878,0.3183
1847151,10,0.40684,0.40684,0.40786,41.8700,0.2139
1847165,10,0.38748,0.38748,0.38850,41.3904,0.1476
1847216,10,0.47905,0.47905,0.48023,42.3412,0.1587
1847303,10,0.47964,0.47964,0.48082,42.1487,0.1308
1847317,10,0.81774,0.81774,0.81844,43.3758,0.2054
1848092,10,0.58770,0.58770,0.58883,42.6886,0.1547
1848198,10,0.36021,0.36021,0.36120,42.5549,238.4326
1849051,10,0.30547,0.30546,0.30650,40.9348,0.1184
1849109,10,0.62398,0.62398,0.62530,42.6252,0.1190
1849244,10,0.57697,0.57697,0.57826,42.5938,0.1446
1849276,10,0.61412,0.61412,0.61542,42.9531,0.1805
1850045,10,0.31314,0.31314,0.31413,40.9661,0.1791
1850154,10,0.56823,0.56823,0.56884,42.5685,0.2220
1854103,10,0.46680,0.46680,0.46733,42.0698,0.2228
1856065,10,0.78892,0.78892,0.79034,43.7774,0.3019
1860025,10,0.23532,0.23532,0.23625,40.5916,0.1076
1861164,10,0.43446,0.43446,0.43500,41.7397,0.1505
1861178,10,0.29093,0.29093,0.29201,40.6041,0.1298
1861210,10,0.54229,0.54229,0.54285,42.5334,0.1809
1861451,10,0.78049,0.78049,0.78190,43.1453,0.1545
1861472,10,0.83776,0.83776,0.83925,43.5821,0.2534
1861474,10,0.68966,0.68966,0.69100,42.9599,0.1506
1862039,10,0.28699,0.28699,0.28792,41.0024,0.1386
1862183,10,0.44864,0.44864,0.44918,42.0773,0.1857
1862207,10,0.54383,0.54383,0.54439,42.9716,0.6625
1864046,10,0.74870,0.74870,0.74939,43.5929,0.2138
1864084,10,0.60535,0.60535,0.60665,42.7154,0.1426
1867019,10,0.22101,0.22101,0.22191,40.4665,0.1696
1871017,10,0.33720,0.33720,0.33770,41.1218,0.1015
1872097,10,0.84132,0.84132,0.84207,43.7373,0.3163
1876204,10,0.51008,0.51008,0.51067,42.3265,0.1844
1876263,10,0.64639,0.64639,0.64763,42.9375,0.2801
1876287,10,0.56445,0.56445,0.56558,42.4687,0.1160
1876301,10,0.60073,0.60073,0.60195,42.7944,0.2230
1876304,10,0.68233,0.68233,0.68356,43.4264,0.1646
1876305,10,0.53667,0.53667,0.53784,42.3949,0.1523
1876308,10,0.42147,0.42147,0.42250,41.9806,0.1624
1876421,10,0.34313,0.34313,0.34423,41.3743,0.1315
1876431,10,0.46482,0.46482,0.46600,42.0239,0.1282
1876462,10,0.83954,0.83954,0.84100,43.9380,0.3800
1876533,10,0.48981,0.48981,0.49100,42.1924,0.1971
1876602,10,0.72988,0.72988,0.73117,43.3093,0.1798
1878148,10,0.22454,0.22453,0.22540,40.2295,0.1212
1878288,10,0.48449,0.48449,0.48501,42.6675,0.2941
1878334,10,0.36044,0.36044,0.36142,41.3706,0.1921
1878335,10,0.56371,0.56371,0.56500,42.5097,0.1380
1878612,10,0.64488,0.64488,0.64605,42.4860,0.4380
1878692,10,0.88450,0.88450,0.88600,43.8182,0.2412
1878719,10,0.45753,0.45753,0.45854,42.3234,0.1407
1878756,10,0.55294,0.55294,0.55419,42.7816,0.3181
1879187,10,0.59157,0.59157,0.59271,42.7207,0.2008
1879188,10,0.64727,0.64727,0.64846,42.9683,0.1307
1879208,10,0.19471,0.19471,0.19515,40.0027,0.0921
1879256,10,0.24936,0.24936,0.25028,40.3323,0.1970
1879263,10,0.46192,0.46192,0.46300,42.2515,0.1315
1879313,10,0.60970,0.60969,0.61028,43.0021,0.2258
1879412,10,0.81984,0.81984,0.82132,43.6209,0.1830
1879414,10,0.38889,0.38889,0.39000,41.6260,0.1312
1879426,10,0.22941,0.22941,0.22990,40.2667,0.0980
1879483,10,0.87565,0.87565,0.87716,43.4132,0.1268
1879532,10,0.37719,0.37719,0.37822,41.4168,0.1515
1879649,10,0.11979,0.11979,0.12020,39.1660,197.0615
1880304,10,0.44419,0.44419,0.44469,42.2394,0.2031
1880429,10,0.49707,0.49707,0.49816,41.9706,0.2630
1880486,10,0.63407,0.63407,0.63527,43.1555,0.1741
1880513,10,0.64458,0.64458,0.64577,42.8447,0.1414
1880545,10,0.55111,0.55111,0.55227,42.3601,0.2014
1880632,10,0.40538,0.40538,0.40650,41.5415,0.1305
1880686,10,0.31406,0.31406,0.31457,41.0350,0.1089
1881037,10,0.76584,0.76584,0.76652,43.3872,0.1597
1882097,10,0.47992,0.47992,0.48100,42.5722,0.2436
1883111,10,0.43278,0.43278,0.43385,41.7025,0.1723
1883166,10,0.51351,0.51351,0.51473,42.3245,0.1585
1887027,10,0.21303,0.21303,0.21348,40.0935,0.1769
1889022,10,0.51127,0.51127,0.51240,42.4705,0.1717
1889090,10,0.51290,0.51290,0.51400,42.2605,0.1359
1889155,10,0.77826,0.77826,0.77966,43.0873,0.3003
1889211,10,0.46351,0.46351,0.46407,41.8641,0.1851
1889226,10,0.59276,0.59276,0.59338,42.3276,0.1844
1889253,10,0.53661,0.53661,0.53717,42.4573,0.2517
1890041,10,0.65258,0.65258,0.65380,42.8892,0.1564
1890212,10,0.72776,0.72776,0.72913,43.0908,0.1564
1891030,10,0.61377,0.61377,0.61497,43.0071,0.1837
1891055,10,0.70652,0.70652,0.70781,43.3040,0.1752
1891070,10,0.79348,0.79348,0.79478,43.6292,0.1198
1891082,10,0.54871,0.54871,0.55000,42.5402,0.1594
1891107,10,0.62735,0.62735,0.62870,42.7018,0.1394
1891147,10,0.32274,0.32274,0.32380,41.1457,0.1432
1891261,10,0.50558,0.50558,0.50614,42.0337,0.1289
1891266,10,0.70836,0.70836,0.70905,43.1343,0.3071
1892072,10,0.92838,0.92838,0.92912,43.7197,2.4958
1892103,10,0.26584,0.26584,0.26685,40.7179,0.1783
1892149,10,0.64025,0.64025,0.64141,42.7883,0.1300
1892217,10,0.40897,0.40897,0.40949,41.7266,0.1273
1894320,10,0.71880,0.71880,0.71945,43.2697,0.1707
1895036,10,0.45194,0.45194,0.45302,41.9013,0.1100
1895233,10,0.57035,0.57035,0.57098,42.1148,0.1720
1896111,10,0.49243,0.49243,0.49364,42.1422,0.1645
1896164,10,0.42068,0.42068,0.42181,41.5483,0.1437
1896213,10,0.68688,0.68688,0.68757,42.9185,0.2096
1896244,10,0.59156,0.59156,0.59211,43.1378,0.2024
1896254,10,0.55283,0.55283,0.55339,42.5192,0.1533
1897267,10,0.31920,0.31920,0.31971,41.0898,0.2061
1898053,10,0.81485,0.81485,0.81614,43.6886,0.1343
1898108,10,0.51204,0.51204,0.51325,42.3722,0.1253
1898252,10,0.74571,0.74571,0.74631,43.1519,0.1250
1899029,10,0.62411,0.62411,0.62548,42.7784,0.1249
1899053,10,0.53746,0.53746,0.53859,42.2706,0.1762
1899065,10,0.54762,0.54762,0.54877,42.3672,0.1740
1899158,10,0.64747,0.64747,0.64881,42.7588,0.1563
1899442,10,0.43144,0.43144,0.43200,41.8080,0.1557
1900056,10,0.47839,0.47839,0.47944,42.3987,0.2562
1900124,10,0.68533,0.68533,0.68669,43.4160,0.1506
1900662,10,0.44791,0.44791,0.44894,41.9677,0.1611
1900801,10,0.63579,0.63579,0.63644,44.4744,96.6334
1900856,10,0.72416,0.72416,0.72477,43.1326,0.1543
1900865,10,0.45405,0.45405,0.45463,42.0060,0.1761
1901059,10,0.25126,0.25126,0.25229,40.4405,0.1219
1901115,10,0.29874,0.29874,0.29979,40.9047,0.1924
1901241,10,0.68144,0.68144,0.68264,43.0768,0.1256
1901257,10,0.51978,0.51978,0.52100,42.6172,0.2281
1901375,10,1.03221,1.03222,1.03300,44.1947,0.1428
1901738,10,0.46975,0.46975,0.47096,42.1032,0.1329
1901798,10,0.47577,0.47577,0.47697,42.4845,0.2010
1901803,10,0.50262,0.50262,0.50383,42.5828,0.1769
1901832,10,0.91696,0.91696,0.91849,43.8703,0.2067
1901899,10,0.98846,0.98846,0.98922,44.1603,0.1701
1902212,10,0.28169,0.28169,0.28219,40.9704,0.2443
1904061,10,0.62336,0.62336,0.62470,42.9232,0.1468
1904092,10,0.36798,0.36798,0.36896,41.4013,0.1536
1904152,10,0.44025,0.44025,0.44140,42.0174,0.1575
1904182,10,0.76657,0.76657,0.76798,43.2457,0.2214
1904287,10,0.69905,0.69904,0.69973,43.4213,0.1887
1904293,10,0.44624,0.44623,0.44682,41.8498,0.1525
1904300,10,0.91082,0.91082,0.91159,43.9930,0.2465
1904321,10,0.61177,0.61177,0.61233,42.9423,0.2008
1904352,10,0.64337,0.64337,0.64396,43.0325,0.2473
1905127,10,0.66579,0.66579,0.66712,43.3059,0.1418
1905171,10,0.30307,0.30307,0.30404,41.0553,0.1987
1905184,10,0.45587,0.45587,0.45705,41.6094,0.9069
1905244,10,0.36176,0.36176,0.36285,41.4962,0.1341
1906545,10,0.54806,0.54806,0.54930,42.7925,0.2039
1908380,10,0.43668,0.43668,0.43770,41.9924,0.1841
1908493,10,0.67829,0.67829,0.67963,43.7230,285.3867
1909375,10,0.33753,0.33753,0.33805,41.2120,0.0915
1910032,10,0.66455,0.66455,0.66579,43.0594,0.1816
1910065,10,0.57875,0.57875,0.57988,42.5877,0.2325
1910132,10,0.26271,0.26271,0.26371,40.5459,0.1112
1912020,10,0.55436,0.55436,0.55496,42.5053,0.1348
1912066,10,0.87344,0.87344,0.87417,43.5848,0.2000
1912110,10,0.53763,0.53763,0.53873,42.1449,0.1735
1912270,10,0.86642,0.86642,0.86715,44.0635,449.6125
1913214,10,0.31615,0.31615,0.31721,41.0804,0.1173
1915067,10,0.45699,0.45699,0.45804,42.0213,0.1870
1915087,10,0.56104,0.56104,0.56216,42.5240,0.1888
1915184,10,0.52460,0.52460,0.52582,42.3566,0.1607
1916124,10,0.43071,0.43071,0.43190,41.7465,0.1915
1916143,10,0.45362,0.45362,0.45481,42.0838,0.1424
1916193,10,0.62565,0.62565,0.62696,42.8962,0.2090
1916207,10,0.40841,0.40841,0.40944,41.7284,0.1651
1918076,10,0.36966,0.36966,0.37077,41.3716,0.2529
1919017,10,0.21849,0.21849,0.21939,40.1574,0.2030
1919042,10,0.34814,0.34814,0.34909,41.1649,0.1667
1920362,10,0.39835,0.39835,0.39883,41.4335,0.1903
1920365,10,0.36549,0.36549,0.36600,41.4035,0.1140
1921033,10,0.23707,0.23707,0.23797,40.5382,0.1278
1921361,10,0.34459,0.34459,0.34506,41.2770,0.1248
1922067,10,0.19771,0.19771,0.19870,39.8560,0.1064
1922297,10,0.43225,0.43225,0.43327,41.6536,0.1913
1922405,10,0.51619,0.51619,0.51671,42.4575,0.1669
1923060,10,0.38247,0.38247,0.38361,41.4179,0.1365
1923155,10,0.39201,0.39201,0.39257,41.5603,0.2488
1923415,10,0.36161,0.36161,0.36255,41.2641,0.1907
1924089,10,0.46299,0.46299,0.46418,42.0705,0.1135
1924103,10,0.46380,0.46380,0.46499,42.1430,0.1271
1924188,10,1.04136,1.04136,1.04215,43.8929,0.1500
1925122,10,0.38274,0.38274,0.38377,41.7749,0.2334
1927203,10,0.68069,0.68069,0.68132,43.0714,0.1501
1927242,10,0.24576,0.24576,0.24666,40.6824,0.1261
1927254,10,0.58091,0.58091,0.58150,43.0179,0.1909
1928108,10,0.65080,0.65080,0.65210,43.8689,258.0736
1928157,10,0.54379,0.54379,0.54505,42.5645,0.1040
1929022,10,0.75356,0.75356,0.75420,43.5047,0.1482
1929024,10,0.31564,0.31564,0.31613,41.1379,0.2124
1929034,10,0.60827,0.60827,0.60889,42.6110,0.1849
1929063,10,0.22210,0.22211,0.22300,40.1863,0.1679
1929216,10,0.33584,0.33584,0.33695,41.2982,0.1746
1933035,10,0.34105,0.34105,0.34204,41.6251,0.2431
1933168,10,0.43495,0.43495,0.43547,41.6647,0.1277
1933196,10,0.75011,0.75011,0.75074,43.1256,0.1240
1933258,10,0.68972,0.68972,0.69090,42.9629,0.1484
1934253,10,0.53739,0.53739,0.53800,42.4115,0.1580
1934353,10,0.51315,0.51314,0.51441,41.9657,0.2820
1936125,10,0.89530,0.89530,0.89603,43.4572,0.1718
1936171,10,0.47336,0.47336,0.47389,41.9191,0.1697
1936215,10,0.61011,0.61011,0.61124,42.6868,0.1603
1936293,10,0.83168,0.83168,0.83240,43.8256,0.1574
1936353,10,0.69154,0.69154,0.69290,43.1848,0.1479
1937078,10,0.45525,0.45525,0.45645,42.1033,0.8980
1942106,10,0.56584,0.56584,0.56638,42.7055,0.1813
1943111,10,0.31562,0.31562,0.31615,41.1086,0.1191
1945100,10,0.66460,0.66460,0.66526,43.5012,208.8486
1945116,10,0.54469,0.54469,0.54525,42.5390,0.1337
1946246,10,0.83936,0.83936,0.84007,43.7123,0.3503
1946322,10,0.59043,0.59043,0.59098,42.7352,0.1368
1948209,10,0.37942,0.37942,0.37996,41.5759,0.1222
1948295,10,0.78324,0.78324,0.78386,43.6694,0.1294
1948484,10,0.34436,0.34436,0.34545,41.1409,0.1469
1950024,10,1.01922,1.01922,1.02000,44.0300,0.2237
1950043,10,0.68828,0.68828,0.68891,43.1021,0.1485
1959025,10,0.61137,0.61137,0.61194,43.1970,0.2123
1968046,10,0.27255,0.27255,0.27302,40.7758,0.1184
2001ah,63,0.05837,0.05886,0.05776,37.1631,0.1344
2001ay,63,0.03093,0.03085,0.03025,35.6964,0.1741
2001az,63,0.04059,0.04101,0.04069,36.4468,0.0979
2001eh,63,0.03627,0.03725,0.03713,36.0879,0.1099
2002bf,63,0.02494,0.02525,0.02438,35.1116,0.1442
2002he,63,0.02469,0.02519,0.02441,35.2499,0.1249
2002hu,63,0.03591,0.03705,0.03670,36.0401,0.0973
2003U,63,0.02794,0.02833,0.02810,35.3731,0.1363
2003ch,63,0.02895,0.02919,0.02833,35.7330,0.1171
2003fa,63,0.04015,0.04056,0.04039,36.1767,0.1037
2003ic,63,0.05196,0.05126,0.05311,36.5582,0.1175
2003it,63,0.02413,0.02510,0.02528,35.1222,0.1555
2003iv,63,0.03351,0.03491,0.03426,36.0211,0.1146
2004L,63,0.03344,0.03373,0.03229,35.9022,0.1700
2004as,63,0.03250,0.03296,0.03139,35.9389,0.1580
2004ef,64,0.02978,0.03012,0.03101,35.5792,0.1422
2004gc,5,0.03196,0.03267,0.03192,35.5048,0.1501
2004gs,5,0.02829,0.02857,0.02740,35.5579,0.1650
2004gu,5,0.04670,0.04664,0.04558,36.5702,0.1267
2005M,64,0.02584,0.02598,0.02484,35.1753,0.1363
2005eq,64,0.02831,0.02823,0.02893,35.6431,0.1175
2005eu,64,0.03369,0.03516,0.03449,36.0093,0.1232
2005hc,64,0.04496,0.04575,0.04592,36.7085,0.0902
2005hj,64,0.05631,0.05708,0.05739,37.1061,0.1095
2005iq,64,0.03292,0.03341,0.03404,36.0215,0.0943
2005ir,64,0.07490,0.07520,0.07603,37.7864,0.0776
2005ku,5,0.04397,0.04439,0.04525,36.4148,0.1588
2005lz,64,0.04541,0.04643,0.04624,36.4523,0.1238
2005ms,64,0.02595,0.02669,0.02522,35.4828,0.1124
2005na,64,0.02717,0.02748,0.02665,35.2639,0.1039
2006S,64,0.03310,0.03393,0.03224,36.0388,0.1258
2006al,64,0.06908,0.06886,0.06780,37.5872,0.1065
2006az,64,0.03158,0.03201,0.03103,35.5919,0.0999
2006cf,64,0.04223,0.04268,0.04146,36.4324,0.1039
2006cq,64,0.04928,0.04944,0.04844,36.8492,0.1207
2006en,64,0.03081,0.03162,0.03198,35.8171,0.1326
2006ev,64,0.02759,0.02810,0.02873,35.7604,0.1454
2006gr,64,0.03352,0.03428,0.03467,36.0797,0.1398
2006lu,5,0.05449,0.05346,0.05340,36.9681,0.0844
2006mo,64,0.03616,0.03702,0.03718,36.0891,0.1315
2006oa,64,0.06142,0.06153,0.06257,37.2450,0.1100
2006ob,64,0.05760,0.05824,0.05860,37.0706,0.0919
2006on,64,0.07068,0.07089,0.07191,37.3368,0.1235
2006py,5,0.05658,0.05653,0.05787,36.9422,0.1236
2006qo,64,0.02871,0.02898,0.02837,35.4984,0.1733
2006te,64,0.03212,0.03290,0.03155,35.8536,0.1031
2007O,64,0.03732,0.03818,0.03694,36.0146,0.0970
2007R,64,0.03126,0.03174,0.03081,35.8573,0.0987
2007ae,64,0.06485,0.06533,0.06499,37.1559,0.0909
2007bd,64,0.03141,0.03120,0.03044,35.7009,0.0990
2007co,64,0.02655,0.02731,0.02696,35.4340,0.1498
2007cq,64,0.02481,0.02510,0.02604,34.9553,0.1382
2007hu,65,0.03518,0.03551,0.03518,35.9416,0.2081
2007is,65,0.02953,0.02866,0.02953,35.5652,0.1265
2007jg,5,0.03652,0.03756,0.03707,36.2970,0.1253
2007kk,65,0.04130,0.04285,0.04177,36.2794,0.1071
2007nq,65,0.04275,0.04349,0.04389,36.3586,0.0911
2007ob,65,0.03263,0.03243,0.03389,35.7229,0.1907
2007sw,65,0.02500,0.02517,0.02428,35.2815,0.1470
2007ux,65,0.03183,0.03264,0.03070,35.7767,0.1461
2008050,65,0.04627,0.04625,0.04526,36.3633,0.1452
2008051,65,0.03835,0.03873,0.03777,36.1536,0.1039
2008ar,65,0.02732,0.02849,0.02617,35.4671,0.1046
2008bz,65,0.06130,0.06099,0.06015,37.3396,0.0782
2008cf,65,0.04692,0.04682,0.04603,36.5956,0.0952
2008fr,65,0.03790,0.03828,0.03900,36.2496,0.1012
2008gb,65,0.03641,0.03796,0.03700,36.2415,0.1162
2008gl,65,0.03246,0.03272,0.03354,35.7936,0.1046
2008gp,5,0.03245,0.03333,0.03303,35.7814,0.0964
2008hj,65,0.03643,0.03682,0.03761,36.1166,0.0936
2009ad,65,0.02834,0.02844,0.02840,35.4761,0.1031
2009bv,65,0.03748,0.03848,0.03667,36.3167,0.0962
2009do,65,0.04027,0.04099,0.03964,36.1953,0.1052
2010ag,66,0.03336,0.03335,0.03340,35.6516,0.1542
2010dt,66,0.05291,0.05316,0.05286,37.0042,0.1047
2010dw,66,0.03871,0.03902,0.03812,36.1656,0.1433
2016afk,150,0.04677,0.04738,0.04561,36.6368,0.1472
ASASSN-15bc,150,0.03639,0.03753,0.03672,36.1891,0.1239
ASASSN-15fa,150,0.02721,0.02741,0.02734,35.5887,0.1401
ASASSN-15hg,150,0.03107,0.03143,0.02992,35.7766,0.1215
ASASSN-15jl,150,0.03492,0.03512,0.03468,35.9948,0.0980
ASASSN-15lu,150,0.03577,0.03635,0.03505,36.1202,0.1114
ASASSN-15mf,150,0.02691,0.02695,0.02604,35.3285,0.1106
ASASSN-15mg,150,0.04307,0.04408,0.04278,36.5359,0.0938
ASASSN-15np,150,0.03832,0.03884,0.03768,36.1692,0.1293
ASASSN-15nq,150,0.03025,0.03023,0.03036,35.7166,0.0972
ASASSN-15pm,150,0.04777,0.04837,0.04879,36.7086,0.0825
ASASSN-15pn,150,0.03800,0.03909,0.03836,36.4269,0.1023
ASASSN-15pr,150,0.03189,0.03264,0.03309,36.0469,0.1284
ASASSN-15ss,150,0.03592,0.03599,0.03556,36.1609,0.0950
ASASSN-15tg,150,0.03445,0.03529,0.03561,35.9985,0.0947
ASASSN-16aj,150,0.03053,0.02953,0.03075,35.5339,0.1156
ASASSN-16ay,150,0.02895,0.02938,0.02834,35.6497,0.1632
ASASSN-16bc,150,0.03314,0.03298,0.03194,35.8396,0.0917
ASASSN-16bq,150,0.02582,0.02534,0.02493,35.3194,0.1090
ASASSN-16br,150,0.02900,0.02956,0.02852,35.5958,0.1093
ASASSN-16ct,150,0.04252,0.04306,0.04191,36.2995,0.1295
ASASSN-16db,150,0.03589,0.03730,0.03486,35.9996,0.1245
ASASSN-16dw,150,0.03565,0.03437,0.03466,35.8627,0.1321
ASASSN-16fo,150,0.02994,0.03036,0.02890,35.6306,0.0999
ASASSN-16fs,150,0.02990,0.02944,0.02920,35.4530,0.1064
ASASSN-16hc,150,0.05165,0.05151,0.05093,36.8172,0.0853
ASASSN-16hr,150,0.02980,0.03083,0.03086,35.6730,0.1484
ASASSN-16oz,150,0.03207,0.03192,0.03100,35.6131,0.1072
ASASSN-17at,150,0.02643,0.02713,0.02537,35.3542,0.1115
ASASSN-17eb,150,0.04970,0.05044,0.04924,36.5913,0.1235
AT2016aj,150,0.06731,0.06725,0.06741,37.3841,0.1069
AT2016cor,150,0.04995,0.05066,0.04954,36.7763,0.1820
AT2016cvv,150,0.04404,0.04438,0.04457,36.5732,0.1278
AT2016cvw,150,0.03761,0.03787,0.03888,36.2828,0.0996
AT2016cyt,150,0.02965,0.03059,0.03074,35.4809,0.0960
AT2016ews,150,0.04612,0.04631,0.04555,36.7018,0.0800
AT2016gmg,150,0.04839,0.04865,0.04944,36.8084,0.0986
AT2016gsu,150,0.07529,0.07575,0.07642,37.6594,0.1083
AT2016hns,150,0.03704,0.03740,0.03817,36.1074,0.0966
AT2016htm,150,0.04265,0.04289,0.04332,36.4650,0.0847
AT2016htn,150,0.05229,0.05222,0.05312,36.9789,0.1233
AT2017cfc,150,0.02499,0.02512,0.02403,35.1253,0.1269
AT2017lm,150,0.03002,0.03031,0.03064,35.6613,0.1253
AT2017ns,150,0.02802,0.02849,0.02877,35.4194,0.1655
AT2017oz,150,0.05641,0.05614,0.05569,36.9936,0.1032
AT2017po,150,0.03201,0.03255,0.03182,35.7510,0.1058
AT2017wb,150,0.03093,0.03117,0.03065,35.6657,0.1541
AT2017yk,150,0.04764,0.04691,0.04644,36.6954,0.1542
AT2017zd,150,0.03048,0.02969,0.02947,35.4134,0.1135
ATLAS16agv,150,0.04777,0.04819,0.04779,36.6031,0.0940
ATLAS16bwu,150,0.07074,0.07091,0.07180,37.3182,0.1478
ATLAS17ajn,150,0.02988,0.02978,0.02871,35.6680,0.1108
ATLAS17ajs,150,0.03370,0.03451,0.03265,36.0143,0.1835
ATLAS17axb,150,0.03264,0.03143,0.03165,35.7502,0.1040
CSS160129,150,0.06841,0.06844,0.06766,37.4018,0.0862
CSS160428,150,0.03081,0.03148,0.03029,35.8035,0.1054
Gaia16acv,150,0.07833,0.07859,0.07772,37.9662,0.0762
Gaia16agf,150,0.02553,0.02509,0.02507,35.3242,0.1528
Gaia16aki,150,0.07398,0.07393,0.07363,37.6976,0.0913
Gaia16bba,150,0.02934,0.02990,0.03046,35.5414,0.1113
MASTERJ0134,150,0.04391,0.04369,0.04485,36.4148,0.0994
PS15ahs,150,0.02522,0.02534,0.02551,35.3104,0.1097
PS15aii,150,0.04768,0.04777,0.04655,36.7340,0.0821
PS15asb,150,0.04952,0.04989,0.04863,36.6670,0.0970
PS15atx,150,0.07301,0.07252,0.07188,37.7745,0.1128
PS15bdr,150,0.07094,0.07116,0.07096,37.5408,0.0855
PS15bif,150,0.07855,0.07845,0.07937,37.6637,0.0977
PS15bjg,150,0.06758,0.06786,0.06889,37.5234,0.0828
PS15brr,150,0.05063,0.05049,0.05180,36.6668,0.0962
PS15bsq,150,0.03309,0.03371,0.03430,35.9584,0.0934
PS15bwh,150,0.07149,0.07158,0.07267,37.4732,0.0855
PS15bzz,150,0.07901,0.07931,0.08024,37.6482,0.0930
PS15cms,150,0.06603,0.06627,0.06479,37.3739,0.1045
PS15cwx,150,0.03007,0.03086,0.03007,35.5472,0.1034
PS15cze,150,0.03891,0.04035,0.03937,36.3899,0.1470
PS15mt,150,0.07193,0.07193,0.07085,37.7321,0.1017
PS16aer,150,0.05668,0.05693,0.05547,37.1480,0.1039
PS16axi,150,0.04056,0.04089,0.03930,36.2574,0.1016
PS16ayd,150,0.05485,0.05469,0.05399,37.0591,0.0739
PS16bby,150,0.05430,0.05468,0.05342,36.8831,0.1034
PS16bnz,150,0.06398,0.06446,0.06270,37.1607,0.0905
PS16cqa,150,0.04433,0.04521,0.04386,36.6606,0.1940
PS16cvc,150,0.02844,0.02915,0.02954,35.8410,0.1031
PS16dnp,150,0.04998,0.05023,0.05127,36.9849,0.0936
PS16el,150,0.04896,0.04940,0.04781,36.6820,0.0928
PS16em,150,0.07113,0.07083,0.06982,37.5431,0.1510
PS16evk,150,0.05320,0.05262,0.05447,37.0809,0.1070
PS16fa,150,0.04734,0.04760,0.04611,36.7047,0.1010
PS16fbb,150,0.05139,0.05106,0.05250,36.8492,0.0987
PS16n,150,0.05268,0.05309,0.05273,36.9805,0.0831
PS17akj,150,0.04780,0.04777,0.04681,36.6724,0.1043
PS17bii,150,0.07467,0.07446,0.07339,37.4632,0.1058
PS17tn,150,0.04549,0.04590,0.04470,36.4750,0.1216
PS17yt,150,0.07046,0.07073,0.06976,37.5194,0.0704
PSNJ0153424,150,0.02474,0.02556,0.02565,35.2529,0.1471
PSNJ0859349,150,0.02874,0.02938,0.02812,35.5399,0.1395
PSNJ1204051,150,0.04502,0.04545,0.04385,36.6451,0.1094
PSNJ2352371,150,0.02525,0.02596,0.02648,35.4599,0.1268
PTSS17-niq,150,0.06910,0.06897,0.06828,37.3848,0.0827
SN2016aqb,150,0.06419,0.06384,0.06289,37.2086,0.0739
SN2016ayg,150,0.04328,0.04349,0.04269,36.5529,0.0935
SN2016esh,150,0.04488,0.04583,0.04457,36.4046,0.0991
SN2016glp,150,0.08366,0.08410,0.08493,38.0701,0.1290
SN2016glz,150,0.03975,0.04077,0.04099,36.1981,0.1065
SN2016gmb,150,0.05708,0.05830,0.05827,37.0993,0.1051
SN2016grz,150,0.08656,0.08704,0.08748,38.0989,0.1210
SN2016hhv,150,0.06067,0.06121,0.06194,37.3413,0.1216
SN2016hpx,150,0.03370,0.03282,0.03338,35.7316,0.1135
SN2016ixf,150,0.06723,0.06711,0.06602,37.5388,0.1100
SN2017cii,150,0.03337,0.03289,0.03323,35.9567,0.1025
SN2017cjv,150,0.06079,0.06092,0.05953,37.2189,0.0896
SN2017ckx,150,0.02779,0.02858,0.02716,35.6228,0.1261
SN2017coa,150,0.04045,0.04095,0.04000,36.5069,0.1214
SN2017cpu,150,0.05529,0.05502,0.05440,36.8308,0.0872
SN2017hn,150,0.02492,0.02557,0.02385,35.2067,0.1183
SN2017mf,150,0.02618,0.02598,0.02561,35.3916,0.1237
SN2017ms,150,0.02538,0.02591,0.02448,35.3421,0.1160
iPTF17dz,150,0.09284,0.09293,0.09200,38.3430,0.2873
